$date
	Thu Sep 24 03:24:42 2026
$end
$version
	Icarus Verilog
$end
$timescale
	1ps
$end
$scope module test_bench $end
$var wire 1 ! full $end
$var wire 1 " empty $end
$var wire 8 # dout [7:0] $end
$var parameter 32 $ DATA_WIDTH $end
$var parameter 32 % FIFO_CAPACITY $end
$var parameter 32 & FIFO_DEPTH $end
$var reg 8 ' din [7:0] $end
$var reg 1 ( rd_clk $end
$var reg 1 ) rd_en $end
$var reg 1 * rd_reset_n $end
$var reg 1 + wr_clk $end
$var reg 1 , wr_en $end
$var reg 1 - wr_reset_n $end
$var integer 32 . errors [31:0] $end
$var integer 32 / i [31:0] $end
$var integer 32 0 ref_count [31:0] $end
$var integer 32 1 ref_rd_ptr [31:0] $end
$var integer 32 2 ref_wr_ptr [31:0] $end
$var integer 32 3 total_reads [31:0] $end
$var integer 32 4 total_writes [31:0] $end
$scope module dut $end
$var wire 8 5 din [7:0] $end
$var wire 1 ( rd_clk $end
$var wire 1 ) rd_en $end
$var wire 1 * rd_reset_n $end
$var wire 1 + wr_clk $end
$var wire 1 , wr_en $end
$var wire 1 - wr_reset_n $end
$var wire 6 6 wp_sync1 [5:0] $end
$var wire 6 7 wp_sync [5:0] $end
$var wire 6 8 rp_sync1 [5:0] $end
$var wire 6 9 rp_sync [5:0] $end
$var reg 8 : dout [7:0] $end
$var reg 1 " empty $end
$var reg 1 ! full $end
$var reg 6 ; rp [5:0] $end
$var reg 6 < wp [5:0] $end
$scope module four $end
$var wire 1 ( clk $end
$var wire 1 * reset_n $end
$var wire 6 = d [5:0] $end
$var reg 6 > q [5:0] $end
$upscope $end
$scope module one $end
$var wire 1 + clk $end
$var wire 6 ? d [5:0] $end
$var wire 1 - reset_n $end
$var reg 6 @ q [5:0] $end
$upscope $end
$scope module three $end
$var wire 1 ( clk $end
$var wire 6 A d [5:0] $end
$var wire 1 * reset_n $end
$var reg 6 B q [5:0] $end
$upscope $end
$scope module two $end
$var wire 1 + clk $end
$var wire 6 C d [5:0] $end
$var wire 1 - reset_n $end
$var reg 6 D q [5:0] $end
$upscope $end
$upscope $end
$scope task random_read $end
$var reg 8 E expected [7:0] $end
$var integer 32 F j [31:0] $end
$var integer 32 G r [31:0] $end
$upscope $end
$scope task random_write $end
$var integer 32 H j [31:0] $end
$var integer 32 I r [31:0] $end
$upscope $end
$scope task read_data $end
$var reg 8 J expected [7:0] $end
$upscope $end
$scope task reset_fifo $end
$upscope $end
$scope task test_basic $end
$upscope $end
$scope task test_burst $end
$var integer 32 K j [31:0] $end
$upscope $end
$scope task test_drain $end
$var integer 32 L j [31:0] $end
$upscope $end
$scope task test_empty_protection $end
$var integer 32 M reads_before [31:0] $end
$upscope $end
$scope task test_fill $end
$var integer 32 N j [31:0] $end
$upscope $end
$scope task test_full_protection $end
$var integer 32 O writes_before [31:0] $end
$upscope $end
$scope task test_wraparound $end
$var integer 32 P j [31:0] $end
$upscope $end
$scope task wait_until_empty $end
$var integer 32 Q timeout [31:0] $end
$upscope $end
$scope task wait_until_full $end
$var integer 32 R timeout [31:0] $end
$upscope $end
$scope task write_data $end
$var reg 8 S data [7:0] $end
$upscope $end
$upscope $end
$enddefinitions $end
$comment Show the parameter values. $end
$dumpall
b1000000 &
b111111 %
b1000 $
$end
#0
$dumpvars
bx S
bx R
bx Q
bx P
bx O
bx N
bx M
bx L
bx K
bx J
bx I
bx H
bx G
bx F
bx E
b0 D
b0 C
b0 B
b0 A
b0 @
b0 ?
b0 >
b0 =
b0 <
b0 ;
bx :
b0 9
b0 8
b0 7
b0 6
b0 5
b0 4
b0 3
b0 2
b0 1
b0 0
b111111 /
b0 .
0-
0,
0+
0*
0)
0(
b0 '
bx #
1"
0!
$end
#6250
1+
#10000
1(
#12500
0+
#18750
1+
#20000
0(
#25000
0+
#30000
1(
#31250
1+
#37500
0+
#40000
0(
#43750
1+
#50000
0+
1(
#56250
1+
#60000
0(
#62500
0+
#68750
1+
#70000
1(
#75000
0+
#80000
0(
#81250
1+
#87500
0+
#90000
1(
#93750
1+
#100000
0+
0(
#106250
1+
#110000
1(
#112500
0+
#118750
1+
#120000
0(
#125000
0+
#130000
1(
#131250
1+
#137500
0+
#140000
0(
#143750
1+
#150000
1*
1-
0+
1(
#156250
1+
#160000
0(
#162500
0+
#168750
1+
#170000
1(
#175000
0+
#180000
0(
#181250
1+
#187500
0+
#190000
1(
#193750
1+
#200000
0+
0(
#206250
1+
#210000
1(
#212500
0+
#218750
1+
#220000
0(
#225000
0+
#230000
b10001 S
1(
#231250
1+
#237500
b1 4
b1 0
b1 2
1,
b10001 '
b10001 5
0+
#240000
0(
#243750
b1 <
b1 A
1+
#250000
b1 6
b1 =
b1 B
b100010 S
0,
0+
1(
#256250
1+
#260000
0(
#262500
b10 4
b10 0
b10 2
1,
b100010 '
b100010 5
0+
#268750
b10 <
b10 A
1+
#270000
0"
b10 6
b10 =
b10 B
b1 7
b1 >
1(
#275000
b110011 S
0,
0+
#280000
0(
#281250
1+
#287500
b11 4
b11 0
b11 2
1,
b110011 '
b110011 5
0+
#290000
b10 7
b10 >
1(
#293750
b11 <
b11 A
1+
#300000
b1000100 S
0,
0+
0(
#306250
1+
#310000
b11 6
b11 =
b11 B
1(
#312500
b100 4
b100 0
b100 2
1,
b1000100 '
b1000100 5
0+
#318750
b100 <
b100 A
1+
#320000
0(
#325000
0,
0+
#330000
b11 7
b11 >
b100 6
b100 =
b100 B
1(
#331250
1+
#337500
0+
#340000
0(
#343750
1+
#350000
b100 7
b100 >
0+
1(
#356250
1+
#360000
0(
#362500
0+
#368750
1+
#370000
1(
#375000
0+
#380000
0(
#381250
1+
#387500
0+
#390000
1(
#393750
1+
#400000
1)
0+
0(
#406250
1+
#410000
b1 ;
b1 ?
b10001 #
b10001 :
1(
#411000
b1 3
b11 0
b1 1
b10001 J
#412500
0+
#418750
b1 8
b1 @
b1 C
1+
#420000
0)
0(
#425000
0+
#430000
1(
#431250
b1 9
b1 D
1+
#437500
0+
#440000
1)
0(
#443750
1+
#450000
b10 ;
b10 ?
b100010 #
b100010 :
0+
1(
#451000
b10 3
b10 0
b10 1
b100010 J
#456250
b10 8
b10 @
b10 C
1+
#460000
0)
0(
#462500
0+
#468750
b10 9
b10 D
1+
#470000
1(
#475000
0+
#480000
1)
0(
#481250
1+
#487500
0+
#490000
b11 ;
b11 ?
b110011 #
b110011 :
1(
#491000
b11 3
b1 0
b11 1
b110011 J
#493750
b11 8
b11 @
b11 C
1+
#500000
0)
0+
0(
#506250
b11 9
b11 D
1+
#510000
1(
#512500
0+
#518750
1+
#520000
1)
0(
#525000
0+
#530000
1"
b100 ;
b100 ?
b1000100 #
b1000100 :
1(
#531000
b100 3
b0 0
b100 1
b1000100 J
#531250
b100 8
b100 @
b100 C
1+
#537500
0+
#540000
b0 6
b0 =
b0 B
b0 7
b0 >
b0 ;
b0 ?
b0 8
b0 @
b0 C
b0 9
b0 D
b0 <
b0 A
b111111 /
b0 1
b0 2
0*
0-
b0 '
b0 5
b0 Q
0)
0(
#543750
1+
#550000
0+
1(
#556250
1+
#560000
0(
#562500
0+
#568750
1+
#570000
1(
#575000
0+
#580000
0(
#581250
1+
#587500
0+
#590000
1(
#593750
1+
#600000
0+
0(
#606250
1+
#610000
1(
#612500
0+
#618750
1+
#620000
0(
#625000
0+
#630000
1(
#631250
1+
#637500
0+
#640000
0(
#643750
1+
#650000
0+
1(
#656250
1+
#660000
0(
#662500
0+
#668750
1+
#670000
1(
#675000
0+
#680000
0(
#681250
1+
#687500
0+
#690000
1*
1-
1(
#693750
1+
#700000
0+
0(
#706250
1+
#710000
1(
#712500
0+
#718750
1+
#720000
0(
#725000
0+
#730000
1(
#731250
1+
#737500
0+
#740000
0(
#743750
1+
#750000
0+
1(
#756250
1+
#760000
0(
#762500
0+
#768750
1+
#770000
b0 S
b0 N
1(
#775000
b101 4
b1 0
b1 2
1,
0+
#780000
0(
#781250
b1 <
b1 A
1+
#787500
b1 S
b1 N
0,
0+
#790000
b1 6
b1 =
b1 B
1(
#793750
1+
#800000
b110 4
b10 0
b10 2
1,
b1 '
b1 5
0+
0(
#806250
b10 <
b10 A
1+
#810000
0"
b10 6
b10 =
b10 B
b1 7
b1 >
1(
#812500
b10 S
b10 N
0,
0+
#818750
1+
#820000
0(
#825000
b111 4
b11 0
b11 2
1,
b10 '
b10 5
0+
#830000
b10 7
b10 >
1(
#831250
b11 <
b11 A
1+
#837500
b11 S
b11 N
0,
0+
#840000
0(
#843750
1+
#850000
b11 6
b11 =
b11 B
b1000 4
b100 0
b100 2
1,
b11 '
b11 5
0+
1(
#856250
b100 <
b100 A
1+
#860000
0(
#862500
b100 S
b100 N
0,
0+
#868750
1+
#870000
b11 7
b11 >
b100 6
b100 =
b100 B
1(
#875000
b1001 4
b101 0
b101 2
1,
b100 '
b100 5
0+
#880000
0(
#881250
b101 <
b101 A
1+
#887500
b101 S
b101 N
0,
0+
#890000
b101 6
b101 =
b101 B
b100 7
b100 >
1(
#893750
1+
#900000
b1010 4
b110 0
b110 2
1,
b101 '
b101 5
0+
0(
#906250
b110 <
b110 A
1+
#910000
b101 7
b101 >
b110 6
b110 =
b110 B
1(
#912500
b110 S
b110 N
0,
0+
#918750
1+
#920000
0(
#925000
b1011 4
b111 0
b111 2
1,
b110 '
b110 5
0+
#930000
b110 7
b110 >
1(
#931250
b111 <
b111 A
1+
#937500
b111 S
b111 N
0,
0+
#940000
0(
#943750
1+
#950000
b111 6
b111 =
b111 B
b1100 4
b1000 0
b1000 2
1,
b111 '
b111 5
0+
1(
#956250
b1000 <
b1000 A
1+
#960000
0(
#962500
b1000 S
b1000 N
0,
0+
#968750
1+
#970000
b1000 6
b1000 =
b1000 B
b111 7
b111 >
1(
#975000
b1101 4
b1001 0
b1001 2
1,
b1000 '
b1000 5
0+
#980000
0(
#981250
b1001 <
b1001 A
1+
#987500
b1001 S
b1001 N
0,
0+
#990000
b1000 7
b1000 >
b1001 6
b1001 =
b1001 B
1(
#993750
1+
#1000000
b1110 4
b1010 0
b1010 2
1,
b1001 '
b1001 5
0+
0(
#1006250
b1010 <
b1010 A
1+
#1010000
b1010 6
b1010 =
b1010 B
b1001 7
b1001 >
1(
#1012500
b1010 S
b1010 N
0,
0+
#1018750
1+
#1020000
0(
#1025000
b1111 4
b1011 0
b1011 2
1,
b1010 '
b1010 5
0+
#1030000
b1010 7
b1010 >
1(
#1031250
b1011 <
b1011 A
1+
#1037500
b1011 S
b1011 N
0,
0+
#1040000
0(
#1043750
1+
#1050000
b1011 6
b1011 =
b1011 B
b10000 4
b1100 0
b1100 2
1,
b1011 '
b1011 5
0+
1(
#1056250
b1100 <
b1100 A
1+
#1060000
0(
#1062500
b1100 S
b1100 N
0,
0+
#1068750
1+
#1070000
b1011 7
b1011 >
b1100 6
b1100 =
b1100 B
1(
#1075000
b10001 4
b1101 0
b1101 2
1,
b1100 '
b1100 5
0+
#1080000
0(
#1081250
b1101 <
b1101 A
1+
#1087500
b1101 S
b1101 N
0,
0+
#1090000
b1101 6
b1101 =
b1101 B
b1100 7
b1100 >
1(
#1093750
1+
#1100000
b10010 4
b1110 0
b1110 2
1,
b1101 '
b1101 5
0+
0(
#1106250
b1110 <
b1110 A
1+
#1110000
b1101 7
b1101 >
b1110 6
b1110 =
b1110 B
1(
#1112500
b1110 S
b1110 N
0,
0+
#1118750
1+
#1120000
0(
#1125000
b10011 4
b1111 0
b1111 2
1,
b1110 '
b1110 5
0+
#1130000
b1110 7
b1110 >
1(
#1131250
b1111 <
b1111 A
1+
#1137500
b1111 S
b1111 N
0,
0+
#1140000
0(
#1143750
1+
#1150000
b1111 6
b1111 =
b1111 B
b10100 4
b10000 0
b10000 2
1,
b1111 '
b1111 5
0+
1(
#1156250
b10000 <
b10000 A
1+
#1160000
0(
#1162500
b10000 S
b10000 N
0,
0+
#1168750
1+
#1170000
b10000 6
b10000 =
b10000 B
b1111 7
b1111 >
1(
#1175000
b10101 4
b10001 0
b10001 2
1,
b10000 '
b10000 5
0+
#1180000
0(
#1181250
b10001 <
b10001 A
1+
#1187500
b10001 S
b10001 N
0,
0+
#1190000
b10000 7
b10000 >
b10001 6
b10001 =
b10001 B
1(
#1193750
1+
#1200000
b10110 4
b10010 0
b10010 2
1,
b10001 '
b10001 5
0+
0(
#1206250
b10010 <
b10010 A
1+
#1210000
b10010 6
b10010 =
b10010 B
b10001 7
b10001 >
1(
#1212500
b10010 S
b10010 N
0,
0+
#1218750
1+
#1220000
0(
#1225000
b10111 4
b10011 0
b10011 2
1,
b10010 '
b10010 5
0+
#1230000
b10010 7
b10010 >
1(
#1231250
b10011 <
b10011 A
1+
#1237500
b10011 S
b10011 N
0,
0+
#1240000
0(
#1243750
1+
#1250000
b10011 6
b10011 =
b10011 B
b11000 4
b10100 0
b10100 2
1,
b10011 '
b10011 5
0+
1(
#1256250
b10100 <
b10100 A
1+
#1260000
0(
#1262500
b10100 S
b10100 N
0,
0+
#1268750
1+
#1270000
b10011 7
b10011 >
b10100 6
b10100 =
b10100 B
1(
#1275000
b11001 4
b10101 0
b10101 2
1,
b10100 '
b10100 5
0+
#1280000
0(
#1281250
b10101 <
b10101 A
1+
#1287500
b10101 S
b10101 N
0,
0+
#1290000
b10101 6
b10101 =
b10101 B
b10100 7
b10100 >
1(
#1293750
1+
#1300000
b11010 4
b10110 0
b10110 2
1,
b10101 '
b10101 5
0+
0(
#1306250
b10110 <
b10110 A
1+
#1310000
b10101 7
b10101 >
b10110 6
b10110 =
b10110 B
1(
#1312500
b10110 S
b10110 N
0,
0+
#1318750
1+
#1320000
0(
#1325000
b11011 4
b10111 0
b10111 2
1,
b10110 '
b10110 5
0+
#1330000
b10110 7
b10110 >
1(
#1331250
b10111 <
b10111 A
1+
#1337500
b10111 S
b10111 N
0,
0+
#1340000
0(
#1343750
1+
#1350000
b10111 6
b10111 =
b10111 B
b11100 4
b11000 0
b11000 2
1,
b10111 '
b10111 5
0+
1(
#1356250
b11000 <
b11000 A
1+
#1360000
0(
#1362500
b11000 S
b11000 N
0,
0+
#1368750
1+
#1370000
b11000 6
b11000 =
b11000 B
b10111 7
b10111 >
1(
#1375000
b11101 4
b11001 0
b11001 2
1,
b11000 '
b11000 5
0+
#1380000
0(
#1381250
b11001 <
b11001 A
1+
#1387500
b11001 S
b11001 N
0,
0+
#1390000
b11000 7
b11000 >
b11001 6
b11001 =
b11001 B
1(
#1393750
1+
#1400000
b11110 4
b11010 0
b11010 2
1,
b11001 '
b11001 5
0+
0(
#1406250
b11010 <
b11010 A
1+
#1410000
b11010 6
b11010 =
b11010 B
b11001 7
b11001 >
1(
#1412500
b11010 S
b11010 N
0,
0+
#1418750
1+
#1420000
0(
#1425000
b11111 4
b11011 0
b11011 2
1,
b11010 '
b11010 5
0+
#1430000
b11010 7
b11010 >
1(
#1431250
b11011 <
b11011 A
1+
#1437500
b11011 S
b11011 N
0,
0+
#1440000
0(
#1443750
1+
#1450000
b11011 6
b11011 =
b11011 B
b100000 4
b11100 0
b11100 2
1,
b11011 '
b11011 5
0+
1(
#1456250
b11100 <
b11100 A
1+
#1460000
0(
#1462500
b11100 S
b11100 N
0,
0+
#1468750
1+
#1470000
b11011 7
b11011 >
b11100 6
b11100 =
b11100 B
1(
#1475000
b100001 4
b11101 0
b11101 2
1,
b11100 '
b11100 5
0+
#1480000
0(
#1481250
b11101 <
b11101 A
1+
#1487500
b11101 S
b11101 N
0,
0+
#1490000
b11101 6
b11101 =
b11101 B
b11100 7
b11100 >
1(
#1493750
1+
#1500000
b100010 4
b11110 0
b11110 2
1,
b11101 '
b11101 5
0+
0(
#1506250
b11110 <
b11110 A
1+
#1510000
b11101 7
b11101 >
b11110 6
b11110 =
b11110 B
1(
#1512500
b11110 S
b11110 N
0,
0+
#1518750
1+
#1520000
0(
#1525000
b100011 4
b11111 0
b11111 2
1,
b11110 '
b11110 5
0+
#1530000
b11110 7
b11110 >
1(
#1531250
b11111 <
b11111 A
1+
#1537500
b11111 S
b11111 N
0,
0+
#1540000
0(
#1543750
1+
#1550000
b11111 6
b11111 =
b11111 B
b100100 4
b100000 0
b100000 2
1,
b11111 '
b11111 5
0+
1(
#1556250
b100000 <
b100000 A
1+
#1560000
0(
#1562500
b100000 S
b100000 N
0,
0+
#1568750
1+
#1570000
b100000 6
b100000 =
b100000 B
b11111 7
b11111 >
1(
#1575000
b100101 4
b100001 0
b100001 2
1,
b100000 '
b100000 5
0+
#1580000
0(
#1581250
b100001 <
b100001 A
1+
#1587500
b100001 S
b100001 N
0,
0+
#1590000
b100000 7
b100000 >
b100001 6
b100001 =
b100001 B
1(
#1593750
1+
#1600000
b100110 4
b100010 0
b100010 2
1,
b100001 '
b100001 5
0+
0(
#1606250
b100010 <
b100010 A
1+
#1610000
b100010 6
b100010 =
b100010 B
b100001 7
b100001 >
1(
#1612500
b100010 S
b100010 N
0,
0+
#1618750
1+
#1620000
0(
#1625000
b100111 4
b100011 0
b100011 2
1,
b100010 '
b100010 5
0+
#1630000
b100010 7
b100010 >
1(
#1631250
b100011 <
b100011 A
1+
#1637500
b100011 S
b100011 N
0,
0+
#1640000
0(
#1643750
1+
#1650000
b100011 6
b100011 =
b100011 B
b101000 4
b100100 0
b100100 2
1,
b100011 '
b100011 5
0+
1(
#1656250
b100100 <
b100100 A
1+
#1660000
0(
#1662500
b100100 S
b100100 N
0,
0+
#1668750
1+
#1670000
b100011 7
b100011 >
b100100 6
b100100 =
b100100 B
1(
#1675000
b101001 4
b100101 0
b100101 2
1,
b100100 '
b100100 5
0+
#1680000
0(
#1681250
b100101 <
b100101 A
1+
#1687500
b100101 S
b100101 N
0,
0+
#1690000
b100101 6
b100101 =
b100101 B
b100100 7
b100100 >
1(
#1693750
1+
#1700000
b101010 4
b100110 0
b100110 2
1,
b100101 '
b100101 5
0+
0(
#1706250
b100110 <
b100110 A
1+
#1710000
b100101 7
b100101 >
b100110 6
b100110 =
b100110 B
1(
#1712500
b100110 S
b100110 N
0,
0+
#1718750
1+
#1720000
0(
#1725000
b101011 4
b100111 0
b100111 2
1,
b100110 '
b100110 5
0+
#1730000
b100110 7
b100110 >
1(
#1731250
b100111 <
b100111 A
1+
#1737500
b100111 S
b100111 N
0,
0+
#1740000
0(
#1743750
1+
#1750000
b100111 6
b100111 =
b100111 B
b101100 4
b101000 0
b101000 2
1,
b100111 '
b100111 5
0+
1(
#1756250
b101000 <
b101000 A
1+
#1760000
0(
#1762500
b101000 S
b101000 N
0,
0+
#1768750
1+
#1770000
b101000 6
b101000 =
b101000 B
b100111 7
b100111 >
1(
#1775000
b101101 4
b101001 0
b101001 2
1,
b101000 '
b101000 5
0+
#1780000
0(
#1781250
b101001 <
b101001 A
1+
#1787500
b101001 S
b101001 N
0,
0+
#1790000
b101000 7
b101000 >
b101001 6
b101001 =
b101001 B
1(
#1793750
1+
#1800000
b101110 4
b101010 0
b101010 2
1,
b101001 '
b101001 5
0+
0(
#1806250
b101010 <
b101010 A
1+
#1810000
b101010 6
b101010 =
b101010 B
b101001 7
b101001 >
1(
#1812500
b101010 S
b101010 N
0,
0+
#1818750
1+
#1820000
0(
#1825000
b101111 4
b101011 0
b101011 2
1,
b101010 '
b101010 5
0+
#1830000
b101010 7
b101010 >
1(
#1831250
b101011 <
b101011 A
1+
#1837500
b101011 S
b101011 N
0,
0+
#1840000
0(
#1843750
1+
#1850000
b101011 6
b101011 =
b101011 B
b110000 4
b101100 0
b101100 2
1,
b101011 '
b101011 5
0+
1(
#1856250
b101100 <
b101100 A
1+
#1860000
0(
#1862500
b101100 S
b101100 N
0,
0+
#1868750
1+
#1870000
b101011 7
b101011 >
b101100 6
b101100 =
b101100 B
1(
#1875000
b110001 4
b101101 0
b101101 2
1,
b101100 '
b101100 5
0+
#1880000
0(
#1881250
b101101 <
b101101 A
1+
#1887500
b101101 S
b101101 N
0,
0+
#1890000
b101101 6
b101101 =
b101101 B
b101100 7
b101100 >
1(
#1893750
1+
#1900000
b110010 4
b101110 0
b101110 2
1,
b101101 '
b101101 5
0+
0(
#1906250
b101110 <
b101110 A
1+
#1910000
b101101 7
b101101 >
b101110 6
b101110 =
b101110 B
1(
#1912500
b101110 S
b101110 N
0,
0+
#1918750
1+
#1920000
0(
#1925000
b110011 4
b101111 0
b101111 2
1,
b101110 '
b101110 5
0+
#1930000
b101110 7
b101110 >
1(
#1931250
b101111 <
b101111 A
1+
#1937500
b101111 S
b101111 N
0,
0+
#1940000
0(
#1943750
1+
#1950000
b101111 6
b101111 =
b101111 B
b110100 4
b110000 0
b110000 2
1,
b101111 '
b101111 5
0+
1(
#1956250
b110000 <
b110000 A
1+
#1960000
0(
#1962500
b110000 S
b110000 N
0,
0+
#1968750
1+
#1970000
b110000 6
b110000 =
b110000 B
b101111 7
b101111 >
1(
#1975000
b110101 4
b110001 0
b110001 2
1,
b110000 '
b110000 5
0+
#1980000
0(
#1981250
b110001 <
b110001 A
1+
#1987500
b110001 S
b110001 N
0,
0+
#1990000
b110000 7
b110000 >
b110001 6
b110001 =
b110001 B
1(
#1993750
1+
#2000000
b110110 4
b110010 0
b110010 2
1,
b110001 '
b110001 5
0+
0(
#2006250
b110010 <
b110010 A
1+
#2010000
b110010 6
b110010 =
b110010 B
b110001 7
b110001 >
1(
#2012500
b110010 S
b110010 N
0,
0+
#2018750
1+
#2020000
0(
#2025000
b110111 4
b110011 0
b110011 2
1,
b110010 '
b110010 5
0+
#2030000
b110010 7
b110010 >
1(
#2031250
b110011 <
b110011 A
1+
#2037500
b110011 S
b110011 N
0,
0+
#2040000
0(
#2043750
1+
#2050000
b110011 6
b110011 =
b110011 B
b111000 4
b110100 0
b110100 2
1,
b110011 '
b110011 5
0+
1(
#2056250
b110100 <
b110100 A
1+
#2060000
0(
#2062500
b110100 S
b110100 N
0,
0+
#2068750
1+
#2070000
b110011 7
b110011 >
b110100 6
b110100 =
b110100 B
1(
#2075000
b111001 4
b110101 0
b110101 2
1,
b110100 '
b110100 5
0+
#2080000
0(
#2081250
b110101 <
b110101 A
1+
#2087500
b110101 S
b110101 N
0,
0+
#2090000
b110101 6
b110101 =
b110101 B
b110100 7
b110100 >
1(
#2093750
1+
#2100000
b111010 4
b110110 0
b110110 2
1,
b110101 '
b110101 5
0+
0(
#2106250
b110110 <
b110110 A
1+
#2110000
b110101 7
b110101 >
b110110 6
b110110 =
b110110 B
1(
#2112500
b110110 S
b110110 N
0,
0+
#2118750
1+
#2120000
0(
#2125000
b111011 4
b110111 0
b110111 2
1,
b110110 '
b110110 5
0+
#2130000
b110110 7
b110110 >
1(
#2131250
b110111 <
b110111 A
1+
#2137500
b110111 S
b110111 N
0,
0+
#2140000
0(
#2143750
1+
#2150000
b110111 6
b110111 =
b110111 B
b111100 4
b111000 0
b111000 2
1,
b110111 '
b110111 5
0+
1(
#2156250
b111000 <
b111000 A
1+
#2160000
0(
#2162500
b111000 S
b111000 N
0,
0+
#2168750
1+
#2170000
b111000 6
b111000 =
b111000 B
b110111 7
b110111 >
1(
#2175000
b111101 4
b111001 0
b111001 2
1,
b111000 '
b111000 5
0+
#2180000
0(
#2181250
b111001 <
b111001 A
1+
#2187500
b111001 S
b111001 N
0,
0+
#2190000
b111000 7
b111000 >
b111001 6
b111001 =
b111001 B
1(
#2193750
1+
#2200000
b111110 4
b111010 0
b111010 2
1,
b111001 '
b111001 5
0+
0(
#2206250
b111010 <
b111010 A
1+
#2210000
b111010 6
b111010 =
b111010 B
b111001 7
b111001 >
1(
#2212500
b111010 S
b111010 N
0,
0+
#2218750
1+
#2220000
0(
#2225000
b111111 4
b111011 0
b111011 2
1,
b111010 '
b111010 5
0+
#2230000
b111010 7
b111010 >
1(
#2231250
b111011 <
b111011 A
1+
#2237500
b111011 S
b111011 N
0,
0+
#2240000
0(
#2243750
1+
#2250000
b111011 6
b111011 =
b111011 B
b1000000 4
b111100 0
b111100 2
1,
b111011 '
b111011 5
0+
1(
#2256250
b111100 <
b111100 A
1+
#2260000
0(
#2262500
b111100 S
b111100 N
0,
0+
#2268750
1+
#2270000
b111011 7
b111011 >
b111100 6
b111100 =
b111100 B
1(
#2275000
b1000001 4
b111101 0
b111101 2
1,
b111100 '
b111100 5
0+
#2280000
0(
#2281250
b111101 <
b111101 A
1+
#2287500
b111101 S
b111101 N
0,
0+
#2290000
b111101 6
b111101 =
b111101 B
b111100 7
b111100 >
1(
#2293750
1+
#2300000
b1000010 4
b111110 0
b111110 2
1,
b111101 '
b111101 5
0+
0(
#2306250
b111110 <
b111110 A
1+
#2310000
b111101 7
b111101 >
b111110 6
b111110 =
b111110 B
1(
#2312500
b111110 S
b111110 N
0,
0+
#2318750
1+
#2320000
0(
#2325000
b1000011 4
b111111 0
b0 2
1,
b111110 '
b111110 5
0+
#2330000
b111110 7
b111110 >
1(
#2331250
1!
b111111 <
b111111 A
1+
#2337500
b111111 N
0,
0+
#2340000
0(
#2343750
1+
#2350000
b111111 6
b111111 =
b111111 B
0+
1(
#2356250
1+
#2360000
0(
#2362500
0+
#2368750
1+
#2370000
b111111 7
b111111 >
1(
#2375000
0+
#2380000
0(
#2381250
b10101010 S
b1000011 O
1+
#2387500
0+
#2390000
1(
#2393750
1+
#2400000
0+
0(
#2406250
1+
#2410000
1(
#2412500
0+
#2418750
1+
#2420000
0(
#2425000
0+
#2430000
1(
#2431250
1+
#2437500
0+
#2440000
0(
#2443750
1+
#2450000
b0 L
0+
1(
#2456250
1+
#2460000
1)
0(
#2462500
0+
#2468750
1+
#2470000
b1 ;
b1 ?
b0 #
b0 :
1(
#2471000
b101 3
b111110 0
b1 1
b0 J
#2475000
0+
#2480000
b1 L
0)
0(
#2481250
b1 8
b1 @
b1 C
1+
#2487500
0+
#2490000
1(
#2493750
0!
b1 9
b1 D
1+
#2500000
1)
0+
0(
#2506250
1+
#2510000
b10 ;
b10 ?
b1 #
b1 :
1(
#2511000
b110 3
b111101 0
b10 1
b1 J
#2512500
0+
#2518750
b10 8
b10 @
b10 C
1+
#2520000
b10 L
0)
0(
#2525000
0+
#2530000
1(
#2531250
b10 9
b10 D
1+
#2537500
0+
#2540000
1)
0(
#2543750
1+
#2550000
b11 ;
b11 ?
b10 #
b10 :
0+
1(
#2551000
b111 3
b111100 0
b11 1
b10 J
#2556250
b11 8
b11 @
b11 C
1+
#2560000
b11 L
0)
0(
#2562500
0+
#2568750
b11 9
b11 D
1+
#2570000
1(
#2575000
0+
#2580000
1)
0(
#2581250
1+
#2587500
0+
#2590000
b100 ;
b100 ?
b11 #
b11 :
1(
#2591000
b1000 3
b111011 0
b100 1
b11 J
#2593750
b100 8
b100 @
b100 C
1+
#2600000
b100 L
0)
0+
0(
#2606250
b100 9
b100 D
1+
#2610000
1(
#2612500
0+
#2618750
1+
#2620000
1)
0(
#2625000
0+
#2630000
b101 ;
b101 ?
b100 #
b100 :
1(
#2631000
b1001 3
b111010 0
b101 1
b100 J
#2631250
b101 8
b101 @
b101 C
1+
#2637500
0+
#2640000
b101 L
0)
0(
#2643750
b101 9
b101 D
1+
#2650000
0+
1(
#2656250
1+
#2660000
1)
0(
#2662500
0+
#2668750
1+
#2670000
b110 ;
b110 ?
b101 #
b101 :
1(
#2671000
b1010 3
b111001 0
b110 1
b101 J
#2675000
0+
#2680000
b110 L
0)
0(
#2681250
b110 8
b110 @
b110 C
1+
#2687500
0+
#2690000
1(
#2693750
b110 9
b110 D
1+
#2700000
1)
0+
0(
#2706250
1+
#2710000
b111 ;
b111 ?
b110 #
b110 :
1(
#2711000
b1011 3
b111000 0
b111 1
b110 J
#2712500
0+
#2718750
b111 8
b111 @
b111 C
1+
#2720000
b111 L
0)
0(
#2725000
0+
#2730000
1(
#2731250
b111 9
b111 D
1+
#2737500
0+
#2740000
1)
0(
#2743750
1+
#2750000
b1000 ;
b1000 ?
b111 #
b111 :
0+
1(
#2751000
b1100 3
b110111 0
b1000 1
b111 J
#2756250
b1000 8
b1000 @
b1000 C
1+
#2760000
b1000 L
0)
0(
#2762500
0+
#2768750
b1000 9
b1000 D
1+
#2770000
1(
#2775000
0+
#2780000
1)
0(
#2781250
1+
#2787500
0+
#2790000
b1001 ;
b1001 ?
b1000 #
b1000 :
1(
#2791000
b1101 3
b110110 0
b1001 1
b1000 J
#2793750
b1001 8
b1001 @
b1001 C
1+
#2800000
b1001 L
0)
0+
0(
#2806250
b1001 9
b1001 D
1+
#2810000
1(
#2812500
0+
#2818750
1+
#2820000
1)
0(
#2825000
0+
#2830000
b1010 ;
b1010 ?
b1001 #
b1001 :
1(
#2831000
b1110 3
b110101 0
b1010 1
b1001 J
#2831250
b1010 8
b1010 @
b1010 C
1+
#2837500
0+
#2840000
b1010 L
0)
0(
#2843750
b1010 9
b1010 D
1+
#2850000
0+
1(
#2856250
1+
#2860000
1)
0(
#2862500
0+
#2868750
1+
#2870000
b1011 ;
b1011 ?
b1010 #
b1010 :
1(
#2871000
b1111 3
b110100 0
b1011 1
b1010 J
#2875000
0+
#2880000
b1011 L
0)
0(
#2881250
b1011 8
b1011 @
b1011 C
1+
#2887500
0+
#2890000
1(
#2893750
b1011 9
b1011 D
1+
#2900000
1)
0+
0(
#2906250
1+
#2910000
b1100 ;
b1100 ?
b1011 #
b1011 :
1(
#2911000
b10000 3
b110011 0
b1100 1
b1011 J
#2912500
0+
#2918750
b1100 8
b1100 @
b1100 C
1+
#2920000
b1100 L
0)
0(
#2925000
0+
#2930000
1(
#2931250
b1100 9
b1100 D
1+
#2937500
0+
#2940000
1)
0(
#2943750
1+
#2950000
b1101 ;
b1101 ?
b1100 #
b1100 :
0+
1(
#2951000
b10001 3
b110010 0
b1101 1
b1100 J
#2956250
b1101 8
b1101 @
b1101 C
1+
#2960000
b1101 L
0)
0(
#2962500
0+
#2968750
b1101 9
b1101 D
1+
#2970000
1(
#2975000
0+
#2980000
1)
0(
#2981250
1+
#2987500
0+
#2990000
b1110 ;
b1110 ?
b1101 #
b1101 :
1(
#2991000
b10010 3
b110001 0
b1110 1
b1101 J
#2993750
b1110 8
b1110 @
b1110 C
1+
#3000000
b1110 L
0)
0+
0(
#3006250
b1110 9
b1110 D
1+
#3010000
1(
#3012500
0+
#3018750
1+
#3020000
1)
0(
#3025000
0+
#3030000
b1111 ;
b1111 ?
b1110 #
b1110 :
1(
#3031000
b10011 3
b110000 0
b1111 1
b1110 J
#3031250
b1111 8
b1111 @
b1111 C
1+
#3037500
0+
#3040000
b1111 L
0)
0(
#3043750
b1111 9
b1111 D
1+
#3050000
0+
1(
#3056250
1+
#3060000
1)
0(
#3062500
0+
#3068750
1+
#3070000
b10000 ;
b10000 ?
b1111 #
b1111 :
1(
#3071000
b10100 3
b101111 0
b10000 1
b1111 J
#3075000
0+
#3080000
b10000 L
0)
0(
#3081250
b10000 8
b10000 @
b10000 C
1+
#3087500
0+
#3090000
1(
#3093750
b10000 9
b10000 D
1+
#3100000
1)
0+
0(
#3106250
1+
#3110000
b10001 ;
b10001 ?
b10000 #
b10000 :
1(
#3111000
b10101 3
b101110 0
b10001 1
b10000 J
#3112500
0+
#3118750
b10001 8
b10001 @
b10001 C
1+
#3120000
b10001 L
0)
0(
#3125000
0+
#3130000
1(
#3131250
b10001 9
b10001 D
1+
#3137500
0+
#3140000
1)
0(
#3143750
1+
#3150000
b10010 ;
b10010 ?
b10001 #
b10001 :
0+
1(
#3151000
b10110 3
b101101 0
b10010 1
b10001 J
#3156250
b10010 8
b10010 @
b10010 C
1+
#3160000
b10010 L
0)
0(
#3162500
0+
#3168750
b10010 9
b10010 D
1+
#3170000
1(
#3175000
0+
#3180000
1)
0(
#3181250
1+
#3187500
0+
#3190000
b10011 ;
b10011 ?
b10010 #
b10010 :
1(
#3191000
b10111 3
b101100 0
b10011 1
b10010 J
#3193750
b10011 8
b10011 @
b10011 C
1+
#3200000
b10011 L
0)
0+
0(
#3206250
b10011 9
b10011 D
1+
#3210000
1(
#3212500
0+
#3218750
1+
#3220000
1)
0(
#3225000
0+
#3230000
b10100 ;
b10100 ?
b10011 #
b10011 :
1(
#3231000
b11000 3
b101011 0
b10100 1
b10011 J
#3231250
b10100 8
b10100 @
b10100 C
1+
#3237500
0+
#3240000
b10100 L
0)
0(
#3243750
b10100 9
b10100 D
1+
#3250000
0+
1(
#3256250
1+
#3260000
1)
0(
#3262500
0+
#3268750
1+
#3270000
b10101 ;
b10101 ?
b10100 #
b10100 :
1(
#3271000
b11001 3
b101010 0
b10101 1
b10100 J
#3275000
0+
#3280000
b10101 L
0)
0(
#3281250
b10101 8
b10101 @
b10101 C
1+
#3287500
0+
#3290000
1(
#3293750
b10101 9
b10101 D
1+
#3300000
1)
0+
0(
#3306250
1+
#3310000
b10110 ;
b10110 ?
b10101 #
b10101 :
1(
#3311000
b11010 3
b101001 0
b10110 1
b10101 J
#3312500
0+
#3318750
b10110 8
b10110 @
b10110 C
1+
#3320000
b10110 L
0)
0(
#3325000
0+
#3330000
1(
#3331250
b10110 9
b10110 D
1+
#3337500
0+
#3340000
1)
0(
#3343750
1+
#3350000
b10111 ;
b10111 ?
b10110 #
b10110 :
0+
1(
#3351000
b11011 3
b101000 0
b10111 1
b10110 J
#3356250
b10111 8
b10111 @
b10111 C
1+
#3360000
b10111 L
0)
0(
#3362500
0+
#3368750
b10111 9
b10111 D
1+
#3370000
1(
#3375000
0+
#3380000
1)
0(
#3381250
1+
#3387500
0+
#3390000
b11000 ;
b11000 ?
b10111 #
b10111 :
1(
#3391000
b11100 3
b100111 0
b11000 1
b10111 J
#3393750
b11000 8
b11000 @
b11000 C
1+
#3400000
b11000 L
0)
0+
0(
#3406250
b11000 9
b11000 D
1+
#3410000
1(
#3412500
0+
#3418750
1+
#3420000
1)
0(
#3425000
0+
#3430000
b11001 ;
b11001 ?
b11000 #
b11000 :
1(
#3431000
b11101 3
b100110 0
b11001 1
b11000 J
#3431250
b11001 8
b11001 @
b11001 C
1+
#3437500
0+
#3440000
b11001 L
0)
0(
#3443750
b11001 9
b11001 D
1+
#3450000
0+
1(
#3456250
1+
#3460000
1)
0(
#3462500
0+
#3468750
1+
#3470000
b11010 ;
b11010 ?
b11001 #
b11001 :
1(
#3471000
b11110 3
b100101 0
b11010 1
b11001 J
#3475000
0+
#3480000
b11010 L
0)
0(
#3481250
b11010 8
b11010 @
b11010 C
1+
#3487500
0+
#3490000
1(
#3493750
b11010 9
b11010 D
1+
#3500000
1)
0+
0(
#3506250
1+
#3510000
b11011 ;
b11011 ?
b11010 #
b11010 :
1(
#3511000
b11111 3
b100100 0
b11011 1
b11010 J
#3512500
0+
#3518750
b11011 8
b11011 @
b11011 C
1+
#3520000
b11011 L
0)
0(
#3525000
0+
#3530000
1(
#3531250
b11011 9
b11011 D
1+
#3537500
0+
#3540000
1)
0(
#3543750
1+
#3550000
b11100 ;
b11100 ?
b11011 #
b11011 :
0+
1(
#3551000
b100000 3
b100011 0
b11100 1
b11011 J
#3556250
b11100 8
b11100 @
b11100 C
1+
#3560000
b11100 L
0)
0(
#3562500
0+
#3568750
b11100 9
b11100 D
1+
#3570000
1(
#3575000
0+
#3580000
1)
0(
#3581250
1+
#3587500
0+
#3590000
b11101 ;
b11101 ?
b11100 #
b11100 :
1(
#3591000
b100001 3
b100010 0
b11101 1
b11100 J
#3593750
b11101 8
b11101 @
b11101 C
1+
#3600000
b11101 L
0)
0+
0(
#3606250
b11101 9
b11101 D
1+
#3610000
1(
#3612500
0+
#3618750
1+
#3620000
1)
0(
#3625000
0+
#3630000
b11110 ;
b11110 ?
b11101 #
b11101 :
1(
#3631000
b100010 3
b100001 0
b11110 1
b11101 J
#3631250
b11110 8
b11110 @
b11110 C
1+
#3637500
0+
#3640000
b11110 L
0)
0(
#3643750
b11110 9
b11110 D
1+
#3650000
0+
1(
#3656250
1+
#3660000
1)
0(
#3662500
0+
#3668750
1+
#3670000
b11111 ;
b11111 ?
b11110 #
b11110 :
1(
#3671000
b100011 3
b100000 0
b11111 1
b11110 J
#3675000
0+
#3680000
b11111 L
0)
0(
#3681250
b11111 8
b11111 @
b11111 C
1+
#3687500
0+
#3690000
1(
#3693750
b11111 9
b11111 D
1+
#3700000
1)
0+
0(
#3706250
1+
#3710000
b100000 ;
b100000 ?
b11111 #
b11111 :
1(
#3711000
b100100 3
b11111 0
b100000 1
b11111 J
#3712500
0+
#3718750
b100000 8
b100000 @
b100000 C
1+
#3720000
b100000 L
0)
0(
#3725000
0+
#3730000
1(
#3731250
b100000 9
b100000 D
1+
#3737500
0+
#3740000
1)
0(
#3743750
1+
#3750000
b100001 ;
b100001 ?
b100000 #
b100000 :
0+
1(
#3751000
b100101 3
b11110 0
b100001 1
b100000 J
#3756250
b100001 8
b100001 @
b100001 C
1+
#3760000
b100001 L
0)
0(
#3762500
0+
#3768750
b100001 9
b100001 D
1+
#3770000
1(
#3775000
0+
#3780000
1)
0(
#3781250
1+
#3787500
0+
#3790000
b100010 ;
b100010 ?
b100001 #
b100001 :
1(
#3791000
b100110 3
b11101 0
b100010 1
b100001 J
#3793750
b100010 8
b100010 @
b100010 C
1+
#3800000
b100010 L
0)
0+
0(
#3806250
b100010 9
b100010 D
1+
#3810000
1(
#3812500
0+
#3818750
1+
#3820000
1)
0(
#3825000
0+
#3830000
b100011 ;
b100011 ?
b100010 #
b100010 :
1(
#3831000
b100111 3
b11100 0
b100011 1
b100010 J
#3831250
b100011 8
b100011 @
b100011 C
1+
#3837500
0+
#3840000
b100011 L
0)
0(
#3843750
b100011 9
b100011 D
1+
#3850000
0+
1(
#3856250
1+
#3860000
1)
0(
#3862500
0+
#3868750
1+
#3870000
b100100 ;
b100100 ?
b100011 #
b100011 :
1(
#3871000
b101000 3
b11011 0
b100100 1
b100011 J
#3875000
0+
#3880000
b100100 L
0)
0(
#3881250
b100100 8
b100100 @
b100100 C
1+
#3887500
0+
#3890000
1(
#3893750
b100100 9
b100100 D
1+
#3900000
1)
0+
0(
#3906250
1+
#3910000
b100101 ;
b100101 ?
b100100 #
b100100 :
1(
#3911000
b101001 3
b11010 0
b100101 1
b100100 J
#3912500
0+
#3918750
b100101 8
b100101 @
b100101 C
1+
#3920000
b100101 L
0)
0(
#3925000
0+
#3930000
1(
#3931250
b100101 9
b100101 D
1+
#3937500
0+
#3940000
1)
0(
#3943750
1+
#3950000
b100110 ;
b100110 ?
b100101 #
b100101 :
0+
1(
#3951000
b101010 3
b11001 0
b100110 1
b100101 J
#3956250
b100110 8
b100110 @
b100110 C
1+
#3960000
b100110 L
0)
0(
#3962500
0+
#3968750
b100110 9
b100110 D
1+
#3970000
1(
#3975000
0+
#3980000
1)
0(
#3981250
1+
#3987500
0+
#3990000
b100111 ;
b100111 ?
b100110 #
b100110 :
1(
#3991000
b101011 3
b11000 0
b100111 1
b100110 J
#3993750
b100111 8
b100111 @
b100111 C
1+
#4000000
b100111 L
0)
0+
0(
#4006250
b100111 9
b100111 D
1+
#4010000
1(
#4012500
0+
#4018750
1+
#4020000
1)
0(
#4025000
0+
#4030000
b101000 ;
b101000 ?
b100111 #
b100111 :
1(
#4031000
b101100 3
b10111 0
b101000 1
b100111 J
#4031250
b101000 8
b101000 @
b101000 C
1+
#4037500
0+
#4040000
b101000 L
0)
0(
#4043750
b101000 9
b101000 D
1+
#4050000
0+
1(
#4056250
1+
#4060000
1)
0(
#4062500
0+
#4068750
1+
#4070000
b101001 ;
b101001 ?
b101000 #
b101000 :
1(
#4071000
b101101 3
b10110 0
b101001 1
b101000 J
#4075000
0+
#4080000
b101001 L
0)
0(
#4081250
b101001 8
b101001 @
b101001 C
1+
#4087500
0+
#4090000
1(
#4093750
b101001 9
b101001 D
1+
#4100000
1)
0+
0(
#4106250
1+
#4110000
b101010 ;
b101010 ?
b101001 #
b101001 :
1(
#4111000
b101110 3
b10101 0
b101010 1
b101001 J
#4112500
0+
#4118750
b101010 8
b101010 @
b101010 C
1+
#4120000
b101010 L
0)
0(
#4125000
0+
#4130000
1(
#4131250
b101010 9
b101010 D
1+
#4137500
0+
#4140000
1)
0(
#4143750
1+
#4150000
b101011 ;
b101011 ?
b101010 #
b101010 :
0+
1(
#4151000
b101111 3
b10100 0
b101011 1
b101010 J
#4156250
b101011 8
b101011 @
b101011 C
1+
#4160000
b101011 L
0)
0(
#4162500
0+
#4168750
b101011 9
b101011 D
1+
#4170000
1(
#4175000
0+
#4180000
1)
0(
#4181250
1+
#4187500
0+
#4190000
b101100 ;
b101100 ?
b101011 #
b101011 :
1(
#4191000
b110000 3
b10011 0
b101100 1
b101011 J
#4193750
b101100 8
b101100 @
b101100 C
1+
#4200000
b101100 L
0)
0+
0(
#4206250
b101100 9
b101100 D
1+
#4210000
1(
#4212500
0+
#4218750
1+
#4220000
1)
0(
#4225000
0+
#4230000
b101101 ;
b101101 ?
b101100 #
b101100 :
1(
#4231000
b110001 3
b10010 0
b101101 1
b101100 J
#4231250
b101101 8
b101101 @
b101101 C
1+
#4237500
0+
#4240000
b101101 L
0)
0(
#4243750
b101101 9
b101101 D
1+
#4250000
0+
1(
#4256250
1+
#4260000
1)
0(
#4262500
0+
#4268750
1+
#4270000
b101110 ;
b101110 ?
b101101 #
b101101 :
1(
#4271000
b110010 3
b10001 0
b101110 1
b101101 J
#4275000
0+
#4280000
b101110 L
0)
0(
#4281250
b101110 8
b101110 @
b101110 C
1+
#4287500
0+
#4290000
1(
#4293750
b101110 9
b101110 D
1+
#4300000
1)
0+
0(
#4306250
1+
#4310000
b101111 ;
b101111 ?
b101110 #
b101110 :
1(
#4311000
b110011 3
b10000 0
b101111 1
b101110 J
#4312500
0+
#4318750
b101111 8
b101111 @
b101111 C
1+
#4320000
b101111 L
0)
0(
#4325000
0+
#4330000
1(
#4331250
b101111 9
b101111 D
1+
#4337500
0+
#4340000
1)
0(
#4343750
1+
#4350000
b110000 ;
b110000 ?
b101111 #
b101111 :
0+
1(
#4351000
b110100 3
b1111 0
b110000 1
b101111 J
#4356250
b110000 8
b110000 @
b110000 C
1+
#4360000
b110000 L
0)
0(
#4362500
0+
#4368750
b110000 9
b110000 D
1+
#4370000
1(
#4375000
0+
#4380000
1)
0(
#4381250
1+
#4387500
0+
#4390000
b110001 ;
b110001 ?
b110000 #
b110000 :
1(
#4391000
b110101 3
b1110 0
b110001 1
b110000 J
#4393750
b110001 8
b110001 @
b110001 C
1+
#4400000
b110001 L
0)
0+
0(
#4406250
b110001 9
b110001 D
1+
#4410000
1(
#4412500
0+
#4418750
1+
#4420000
1)
0(
#4425000
0+
#4430000
b110010 ;
b110010 ?
b110001 #
b110001 :
1(
#4431000
b110110 3
b1101 0
b110010 1
b110001 J
#4431250
b110010 8
b110010 @
b110010 C
1+
#4437500
0+
#4440000
b110010 L
0)
0(
#4443750
b110010 9
b110010 D
1+
#4450000
0+
1(
#4456250
1+
#4460000
1)
0(
#4462500
0+
#4468750
1+
#4470000
b110011 ;
b110011 ?
b110010 #
b110010 :
1(
#4471000
b110111 3
b1100 0
b110011 1
b110010 J
#4475000
0+
#4480000
b110011 L
0)
0(
#4481250
b110011 8
b110011 @
b110011 C
1+
#4487500
0+
#4490000
1(
#4493750
b110011 9
b110011 D
1+
#4500000
1)
0+
0(
#4506250
1+
#4510000
b110100 ;
b110100 ?
b110011 #
b110011 :
1(
#4511000
b111000 3
b1011 0
b110100 1
b110011 J
#4512500
0+
#4518750
b110100 8
b110100 @
b110100 C
1+
#4520000
b110100 L
0)
0(
#4525000
0+
#4530000
1(
#4531250
b110100 9
b110100 D
1+
#4537500
0+
#4540000
1)
0(
#4543750
1+
#4550000
b110101 ;
b110101 ?
b110100 #
b110100 :
0+
1(
#4551000
b111001 3
b1010 0
b110101 1
b110100 J
#4556250
b110101 8
b110101 @
b110101 C
1+
#4560000
b110101 L
0)
0(
#4562500
0+
#4568750
b110101 9
b110101 D
1+
#4570000
1(
#4575000
0+
#4580000
1)
0(
#4581250
1+
#4587500
0+
#4590000
b110110 ;
b110110 ?
b110101 #
b110101 :
1(
#4591000
b111010 3
b1001 0
b110110 1
b110101 J
#4593750
b110110 8
b110110 @
b110110 C
1+
#4600000
b110110 L
0)
0+
0(
#4606250
b110110 9
b110110 D
1+
#4610000
1(
#4612500
0+
#4618750
1+
#4620000
1)
0(
#4625000
0+
#4630000
b110111 ;
b110111 ?
b110110 #
b110110 :
1(
#4631000
b111011 3
b1000 0
b110111 1
b110110 J
#4631250
b110111 8
b110111 @
b110111 C
1+
#4637500
0+
#4640000
b110111 L
0)
0(
#4643750
b110111 9
b110111 D
1+
#4650000
0+
1(
#4656250
1+
#4660000
1)
0(
#4662500
0+
#4668750
1+
#4670000
b111000 ;
b111000 ?
b110111 #
b110111 :
1(
#4671000
b111100 3
b111 0
b111000 1
b110111 J
#4675000
0+
#4680000
b111000 L
0)
0(
#4681250
b111000 8
b111000 @
b111000 C
1+
#4687500
0+
#4690000
1(
#4693750
b111000 9
b111000 D
1+
#4700000
1)
0+
0(
#4706250
1+
#4710000
b111001 ;
b111001 ?
b111000 #
b111000 :
1(
#4711000
b111101 3
b110 0
b111001 1
b111000 J
#4712500
0+
#4718750
b111001 8
b111001 @
b111001 C
1+
#4720000
b111001 L
0)
0(
#4725000
0+
#4730000
1(
#4731250
b111001 9
b111001 D
1+
#4737500
0+
#4740000
1)
0(
#4743750
1+
#4750000
b111010 ;
b111010 ?
b111001 #
b111001 :
0+
1(
#4751000
b111110 3
b101 0
b111010 1
b111001 J
#4756250
b111010 8
b111010 @
b111010 C
1+
#4760000
b111010 L
0)
0(
#4762500
0+
#4768750
b111010 9
b111010 D
1+
#4770000
1(
#4775000
0+
#4780000
1)
0(
#4781250
1+
#4787500
0+
#4790000
b111011 ;
b111011 ?
b111010 #
b111010 :
1(
#4791000
b111111 3
b100 0
b111011 1
b111010 J
#4793750
b111011 8
b111011 @
b111011 C
1+
#4800000
b111011 L
0)
0+
0(
#4806250
b111011 9
b111011 D
1+
#4810000
1(
#4812500
0+
#4818750
1+
#4820000
1)
0(
#4825000
0+
#4830000
b111100 ;
b111100 ?
b111011 #
b111011 :
1(
#4831000
b1000000 3
b11 0
b111100 1
b111011 J
#4831250
b111100 8
b111100 @
b111100 C
1+
#4837500
0+
#4840000
b111100 L
0)
0(
#4843750
b111100 9
b111100 D
1+
#4850000
0+
1(
#4856250
1+
#4860000
1)
0(
#4862500
0+
#4868750
1+
#4870000
b111101 ;
b111101 ?
b111100 #
b111100 :
1(
#4871000
b1000001 3
b10 0
b111101 1
b111100 J
#4875000
0+
#4880000
b111101 L
0)
0(
#4881250
b111101 8
b111101 @
b111101 C
1+
#4887500
0+
#4890000
1(
#4893750
b111101 9
b111101 D
1+
#4900000
1)
0+
0(
#4906250
1+
#4910000
b111110 ;
b111110 ?
b111101 #
b111101 :
1(
#4911000
b1000010 3
b1 0
b111110 1
b111101 J
#4912500
0+
#4918750
b111110 8
b111110 @
b111110 C
1+
#4920000
b111110 L
0)
0(
#4925000
0+
#4930000
1(
#4931250
b111110 9
b111110 D
1+
#4937500
0+
#4940000
1)
0(
#4943750
1+
#4950000
1"
b111111 ;
b111111 ?
b111110 #
b111110 :
0+
1(
#4951000
b1000011 3
b0 0
b0 1
b111110 J
#4956250
b111111 8
b111111 @
b111111 C
1+
#4960000
b1000011 M
b111111 L
0)
0(
#4962500
0+
#4968750
b111111 9
b111111 D
1+
#4970000
1(
#4975000
0+
#4980000
b0 ;
b0 ?
b0 7
b0 >
b0 6
b0 =
b0 B
b0 8
b0 @
b0 C
b0 9
b0 D
b0 <
b0 A
b111111 /
0*
0-
b0 '
b0 5
0(
#4981250
1+
#4987500
0+
#4990000
1(
#4993750
1+
#5000000
0+
0(
#5006250
1+
#5010000
1(
#5012500
0+
#5018750
1+
#5020000
0(
#5025000
0+
#5030000
1(
#5031250
1+
#5037500
0+
#5040000
0(
#5043750
1+
#5050000
0+
1(
#5056250
1+
#5060000
0(
#5062500
0+
#5068750
1+
#5070000
1(
#5075000
0+
#5080000
0(
#5081250
1+
#5087500
0+
#5090000
1(
#5093750
1+
#5100000
0+
0(
#5106250
1+
#5110000
1(
#5112500
0+
#5118750
1+
#5120000
0(
#5125000
0+
#5130000
1*
1-
1(
#5131250
1+
#5137500
0+
#5140000
0(
#5143750
1+
#5150000
0+
1(
#5156250
1+
#5160000
0(
#5162500
0+
#5168750
1+
#5170000
1(
#5175000
0+
#5180000
0(
#5181250
1+
#5187500
0+
#5190000
1(
#5193750
1+
#5200000
0+
0(
#5206250
1+
#5210000
b0 S
b0 P
1(
#5212500
b1000100 4
b1 0
b1 2
1,
0+
#5218750
b1 <
b1 A
1+
#5220000
0(
#5225000
0,
0+
#5230000
b1 6
b1 =
b1 B
1(
#5231250
1+
#5237500
0+
#5240000
0(
#5243750
1+
#5250000
0"
b1 7
b1 >
0+
1(
#5256250
1+
#5260000
0(
#5262500
0+
#5268750
1+
#5270000
1(
#5275000
0+
#5280000
1)
0(
#5281250
1+
#5287500
0+
#5290000
1"
b1 ;
b1 ?
b0 #
b0 :
1(
#5291000
b1000100 3
b0 0
b1 1
b0 J
#5293750
b1 8
b1 @
b1 C
1+
#5300000
b1 S
b1 P
0)
0+
0(
#5306250
b1 9
b1 D
1+
#5310000
1(
#5312500
b1000101 4
b1 0
b10 2
1,
b1 '
b1 5
0+
#5318750
b10 <
b10 A
1+
#5320000
0(
#5325000
0,
0+
#5330000
b10 6
b10 =
b10 B
1(
#5331250
1+
#5337500
0+
#5340000
0(
#5343750
1+
#5350000
0"
b10 7
b10 >
0+
1(
#5356250
1+
#5360000
0(
#5362500
0+
#5368750
1+
#5370000
1(
#5375000
0+
#5380000
1)
0(
#5381250
1+
#5387500
0+
#5390000
1"
b10 ;
b10 ?
b1 #
b1 :
1(
#5391000
b1000101 3
b0 0
b10 1
b1 J
#5393750
b10 8
b10 @
b10 C
1+
#5400000
b10 S
b10 P
0)
0+
0(
#5406250
b10 9
b10 D
1+
#5410000
1(
#5412500
b1000110 4
b1 0
b11 2
1,
b10 '
b10 5
0+
#5418750
b11 <
b11 A
1+
#5420000
0(
#5425000
0,
0+
#5430000
b11 6
b11 =
b11 B
1(
#5431250
1+
#5437500
0+
#5440000
0(
#5443750
1+
#5450000
0"
b11 7
b11 >
0+
1(
#5456250
1+
#5460000
0(
#5462500
0+
#5468750
1+
#5470000
1(
#5475000
0+
#5480000
1)
0(
#5481250
1+
#5487500
0+
#5490000
1"
b11 ;
b11 ?
b10 #
b10 :
1(
#5491000
b1000110 3
b0 0
b11 1
b10 J
#5493750
b11 8
b11 @
b11 C
1+
#5500000
b11 S
b11 P
0)
0+
0(
#5506250
b11 9
b11 D
1+
#5510000
1(
#5512500
b1000111 4
b1 0
b100 2
1,
b11 '
b11 5
0+
#5518750
b100 <
b100 A
1+
#5520000
0(
#5525000
0,
0+
#5530000
b100 6
b100 =
b100 B
1(
#5531250
1+
#5537500
0+
#5540000
0(
#5543750
1+
#5550000
0"
b100 7
b100 >
0+
1(
#5556250
1+
#5560000
0(
#5562500
0+
#5568750
1+
#5570000
1(
#5575000
0+
#5580000
1)
0(
#5581250
1+
#5587500
0+
#5590000
1"
b100 ;
b100 ?
b11 #
b11 :
1(
#5591000
b1000111 3
b0 0
b100 1
b11 J
#5593750
b100 8
b100 @
b100 C
1+
#5600000
b100 S
b100 P
0)
0+
0(
#5606250
b100 9
b100 D
1+
#5610000
1(
#5612500
b1001000 4
b1 0
b101 2
1,
b100 '
b100 5
0+
#5618750
b101 <
b101 A
1+
#5620000
0(
#5625000
0,
0+
#5630000
b101 6
b101 =
b101 B
1(
#5631250
1+
#5637500
0+
#5640000
0(
#5643750
1+
#5650000
0"
b101 7
b101 >
0+
1(
#5656250
1+
#5660000
0(
#5662500
0+
#5668750
1+
#5670000
1(
#5675000
0+
#5680000
1)
0(
#5681250
1+
#5687500
0+
#5690000
1"
b101 ;
b101 ?
b100 #
b100 :
1(
#5691000
b1001000 3
b0 0
b101 1
b100 J
#5693750
b101 8
b101 @
b101 C
1+
#5700000
b101 S
b101 P
0)
0+
0(
#5706250
b101 9
b101 D
1+
#5710000
1(
#5712500
b1001001 4
b1 0
b110 2
1,
b101 '
b101 5
0+
#5718750
b110 <
b110 A
1+
#5720000
0(
#5725000
0,
0+
#5730000
b110 6
b110 =
b110 B
1(
#5731250
1+
#5737500
0+
#5740000
0(
#5743750
1+
#5750000
0"
b110 7
b110 >
0+
1(
#5756250
1+
#5760000
0(
#5762500
0+
#5768750
1+
#5770000
1(
#5775000
0+
#5780000
1)
0(
#5781250
1+
#5787500
0+
#5790000
1"
b110 ;
b110 ?
b101 #
b101 :
1(
#5791000
b1001001 3
b0 0
b110 1
b101 J
#5793750
b110 8
b110 @
b110 C
1+
#5800000
b110 S
b110 P
0)
0+
0(
#5806250
b110 9
b110 D
1+
#5810000
1(
#5812500
b1001010 4
b1 0
b111 2
1,
b110 '
b110 5
0+
#5818750
b111 <
b111 A
1+
#5820000
0(
#5825000
0,
0+
#5830000
b111 6
b111 =
b111 B
1(
#5831250
1+
#5837500
0+
#5840000
0(
#5843750
1+
#5850000
0"
b111 7
b111 >
0+
1(
#5856250
1+
#5860000
0(
#5862500
0+
#5868750
1+
#5870000
1(
#5875000
0+
#5880000
1)
0(
#5881250
1+
#5887500
0+
#5890000
1"
b111 ;
b111 ?
b110 #
b110 :
1(
#5891000
b1001010 3
b0 0
b111 1
b110 J
#5893750
b111 8
b111 @
b111 C
1+
#5900000
b111 S
b111 P
0)
0+
0(
#5906250
b111 9
b111 D
1+
#5910000
1(
#5912500
b1001011 4
b1 0
b1000 2
1,
b111 '
b111 5
0+
#5918750
b1000 <
b1000 A
1+
#5920000
0(
#5925000
0,
0+
#5930000
b1000 6
b1000 =
b1000 B
1(
#5931250
1+
#5937500
0+
#5940000
0(
#5943750
1+
#5950000
0"
b1000 7
b1000 >
0+
1(
#5956250
1+
#5960000
0(
#5962500
0+
#5968750
1+
#5970000
1(
#5975000
0+
#5980000
1)
0(
#5981250
1+
#5987500
0+
#5990000
1"
b1000 ;
b1000 ?
b111 #
b111 :
1(
#5991000
b1001011 3
b0 0
b1000 1
b111 J
#5993750
b1000 8
b1000 @
b1000 C
1+
#6000000
b1000 S
b1000 P
0)
0+
0(
#6006250
b1000 9
b1000 D
1+
#6010000
1(
#6012500
b1001100 4
b1 0
b1001 2
1,
b1000 '
b1000 5
0+
#6018750
b1001 <
b1001 A
1+
#6020000
0(
#6025000
0,
0+
#6030000
b1001 6
b1001 =
b1001 B
1(
#6031250
1+
#6037500
0+
#6040000
0(
#6043750
1+
#6050000
0"
b1001 7
b1001 >
0+
1(
#6056250
1+
#6060000
0(
#6062500
0+
#6068750
1+
#6070000
1(
#6075000
0+
#6080000
1)
0(
#6081250
1+
#6087500
0+
#6090000
1"
b1001 ;
b1001 ?
b1000 #
b1000 :
1(
#6091000
b1001100 3
b0 0
b1001 1
b1000 J
#6093750
b1001 8
b1001 @
b1001 C
1+
#6100000
b1001 S
b1001 P
0)
0+
0(
#6106250
b1001 9
b1001 D
1+
#6110000
1(
#6112500
b1001101 4
b1 0
b1010 2
1,
b1001 '
b1001 5
0+
#6118750
b1010 <
b1010 A
1+
#6120000
0(
#6125000
0,
0+
#6130000
b1010 6
b1010 =
b1010 B
1(
#6131250
1+
#6137500
0+
#6140000
0(
#6143750
1+
#6150000
0"
b1010 7
b1010 >
0+
1(
#6156250
1+
#6160000
0(
#6162500
0+
#6168750
1+
#6170000
1(
#6175000
0+
#6180000
1)
0(
#6181250
1+
#6187500
0+
#6190000
1"
b1010 ;
b1010 ?
b1001 #
b1001 :
1(
#6191000
b1001101 3
b0 0
b1010 1
b1001 J
#6193750
b1010 8
b1010 @
b1010 C
1+
#6200000
b1010 S
b1010 P
0)
0+
0(
#6206250
b1010 9
b1010 D
1+
#6210000
1(
#6212500
b1001110 4
b1 0
b1011 2
1,
b1010 '
b1010 5
0+
#6218750
b1011 <
b1011 A
1+
#6220000
0(
#6225000
0,
0+
#6230000
b1011 6
b1011 =
b1011 B
1(
#6231250
1+
#6237500
0+
#6240000
0(
#6243750
1+
#6250000
0"
b1011 7
b1011 >
0+
1(
#6256250
1+
#6260000
0(
#6262500
0+
#6268750
1+
#6270000
1(
#6275000
0+
#6280000
1)
0(
#6281250
1+
#6287500
0+
#6290000
1"
b1011 ;
b1011 ?
b1010 #
b1010 :
1(
#6291000
b1001110 3
b0 0
b1011 1
b1010 J
#6293750
b1011 8
b1011 @
b1011 C
1+
#6300000
b1011 S
b1011 P
0)
0+
0(
#6306250
b1011 9
b1011 D
1+
#6310000
1(
#6312500
b1001111 4
b1 0
b1100 2
1,
b1011 '
b1011 5
0+
#6318750
b1100 <
b1100 A
1+
#6320000
0(
#6325000
0,
0+
#6330000
b1100 6
b1100 =
b1100 B
1(
#6331250
1+
#6337500
0+
#6340000
0(
#6343750
1+
#6350000
0"
b1100 7
b1100 >
0+
1(
#6356250
1+
#6360000
0(
#6362500
0+
#6368750
1+
#6370000
1(
#6375000
0+
#6380000
1)
0(
#6381250
1+
#6387500
0+
#6390000
1"
b1100 ;
b1100 ?
b1011 #
b1011 :
1(
#6391000
b1001111 3
b0 0
b1100 1
b1011 J
#6393750
b1100 8
b1100 @
b1100 C
1+
#6400000
b1100 S
b1100 P
0)
0+
0(
#6406250
b1100 9
b1100 D
1+
#6410000
1(
#6412500
b1010000 4
b1 0
b1101 2
1,
b1100 '
b1100 5
0+
#6418750
b1101 <
b1101 A
1+
#6420000
0(
#6425000
0,
0+
#6430000
b1101 6
b1101 =
b1101 B
1(
#6431250
1+
#6437500
0+
#6440000
0(
#6443750
1+
#6450000
0"
b1101 7
b1101 >
0+
1(
#6456250
1+
#6460000
0(
#6462500
0+
#6468750
1+
#6470000
1(
#6475000
0+
#6480000
1)
0(
#6481250
1+
#6487500
0+
#6490000
1"
b1101 ;
b1101 ?
b1100 #
b1100 :
1(
#6491000
b1010000 3
b0 0
b1101 1
b1100 J
#6493750
b1101 8
b1101 @
b1101 C
1+
#6500000
b1101 S
b1101 P
0)
0+
0(
#6506250
b1101 9
b1101 D
1+
#6510000
1(
#6512500
b1010001 4
b1 0
b1110 2
1,
b1101 '
b1101 5
0+
#6518750
b1110 <
b1110 A
1+
#6520000
0(
#6525000
0,
0+
#6530000
b1110 6
b1110 =
b1110 B
1(
#6531250
1+
#6537500
0+
#6540000
0(
#6543750
1+
#6550000
0"
b1110 7
b1110 >
0+
1(
#6556250
1+
#6560000
0(
#6562500
0+
#6568750
1+
#6570000
1(
#6575000
0+
#6580000
1)
0(
#6581250
1+
#6587500
0+
#6590000
1"
b1110 ;
b1110 ?
b1101 #
b1101 :
1(
#6591000
b1010001 3
b0 0
b1110 1
b1101 J
#6593750
b1110 8
b1110 @
b1110 C
1+
#6600000
b1110 S
b1110 P
0)
0+
0(
#6606250
b1110 9
b1110 D
1+
#6610000
1(
#6612500
b1010010 4
b1 0
b1111 2
1,
b1110 '
b1110 5
0+
#6618750
b1111 <
b1111 A
1+
#6620000
0(
#6625000
0,
0+
#6630000
b1111 6
b1111 =
b1111 B
1(
#6631250
1+
#6637500
0+
#6640000
0(
#6643750
1+
#6650000
0"
b1111 7
b1111 >
0+
1(
#6656250
1+
#6660000
0(
#6662500
0+
#6668750
1+
#6670000
1(
#6675000
0+
#6680000
1)
0(
#6681250
1+
#6687500
0+
#6690000
1"
b1111 ;
b1111 ?
b1110 #
b1110 :
1(
#6691000
b1010010 3
b0 0
b1111 1
b1110 J
#6693750
b1111 8
b1111 @
b1111 C
1+
#6700000
b1111 S
b1111 P
0)
0+
0(
#6706250
b1111 9
b1111 D
1+
#6710000
1(
#6712500
b1010011 4
b1 0
b10000 2
1,
b1111 '
b1111 5
0+
#6718750
b10000 <
b10000 A
1+
#6720000
0(
#6725000
0,
0+
#6730000
b10000 6
b10000 =
b10000 B
1(
#6731250
1+
#6737500
0+
#6740000
0(
#6743750
1+
#6750000
0"
b10000 7
b10000 >
0+
1(
#6756250
1+
#6760000
0(
#6762500
0+
#6768750
1+
#6770000
1(
#6775000
0+
#6780000
1)
0(
#6781250
1+
#6787500
0+
#6790000
1"
b10000 ;
b10000 ?
b1111 #
b1111 :
1(
#6791000
b1010011 3
b0 0
b10000 1
b1111 J
#6793750
b10000 8
b10000 @
b10000 C
1+
#6800000
b10000 S
b10000 P
0)
0+
0(
#6806250
b10000 9
b10000 D
1+
#6810000
1(
#6812500
b1010100 4
b1 0
b10001 2
1,
b10000 '
b10000 5
0+
#6818750
b10001 <
b10001 A
1+
#6820000
0(
#6825000
0,
0+
#6830000
b10001 6
b10001 =
b10001 B
1(
#6831250
1+
#6837500
0+
#6840000
0(
#6843750
1+
#6850000
0"
b10001 7
b10001 >
0+
1(
#6856250
1+
#6860000
0(
#6862500
0+
#6868750
1+
#6870000
1(
#6875000
0+
#6880000
1)
0(
#6881250
1+
#6887500
0+
#6890000
1"
b10001 ;
b10001 ?
b10000 #
b10000 :
1(
#6891000
b1010100 3
b0 0
b10001 1
b10000 J
#6893750
b10001 8
b10001 @
b10001 C
1+
#6900000
b10001 S
b10001 P
0)
0+
0(
#6906250
b10001 9
b10001 D
1+
#6910000
1(
#6912500
b1010101 4
b1 0
b10010 2
1,
b10001 '
b10001 5
0+
#6918750
b10010 <
b10010 A
1+
#6920000
0(
#6925000
0,
0+
#6930000
b10010 6
b10010 =
b10010 B
1(
#6931250
1+
#6937500
0+
#6940000
0(
#6943750
1+
#6950000
0"
b10010 7
b10010 >
0+
1(
#6956250
1+
#6960000
0(
#6962500
0+
#6968750
1+
#6970000
1(
#6975000
0+
#6980000
1)
0(
#6981250
1+
#6987500
0+
#6990000
1"
b10010 ;
b10010 ?
b10001 #
b10001 :
1(
#6991000
b1010101 3
b0 0
b10010 1
b10001 J
#6993750
b10010 8
b10010 @
b10010 C
1+
#7000000
b10010 S
b10010 P
0)
0+
0(
#7006250
b10010 9
b10010 D
1+
#7010000
1(
#7012500
b1010110 4
b1 0
b10011 2
1,
b10010 '
b10010 5
0+
#7018750
b10011 <
b10011 A
1+
#7020000
0(
#7025000
0,
0+
#7030000
b10011 6
b10011 =
b10011 B
1(
#7031250
1+
#7037500
0+
#7040000
0(
#7043750
1+
#7050000
0"
b10011 7
b10011 >
0+
1(
#7056250
1+
#7060000
0(
#7062500
0+
#7068750
1+
#7070000
1(
#7075000
0+
#7080000
1)
0(
#7081250
1+
#7087500
0+
#7090000
1"
b10011 ;
b10011 ?
b10010 #
b10010 :
1(
#7091000
b1010110 3
b0 0
b10011 1
b10010 J
#7093750
b10011 8
b10011 @
b10011 C
1+
#7100000
b10011 S
b10011 P
0)
0+
0(
#7106250
b10011 9
b10011 D
1+
#7110000
1(
#7112500
b1010111 4
b1 0
b10100 2
1,
b10011 '
b10011 5
0+
#7118750
b10100 <
b10100 A
1+
#7120000
0(
#7125000
0,
0+
#7130000
b10100 6
b10100 =
b10100 B
1(
#7131250
1+
#7137500
0+
#7140000
0(
#7143750
1+
#7150000
0"
b10100 7
b10100 >
0+
1(
#7156250
1+
#7160000
0(
#7162500
0+
#7168750
1+
#7170000
1(
#7175000
0+
#7180000
1)
0(
#7181250
1+
#7187500
0+
#7190000
1"
b10100 ;
b10100 ?
b10011 #
b10011 :
1(
#7191000
b1010111 3
b0 0
b10100 1
b10011 J
#7193750
b10100 8
b10100 @
b10100 C
1+
#7200000
b10100 S
b10100 P
0)
0+
0(
#7206250
b10100 9
b10100 D
1+
#7210000
1(
#7212500
b1011000 4
b1 0
b10101 2
1,
b10100 '
b10100 5
0+
#7218750
b10101 <
b10101 A
1+
#7220000
0(
#7225000
0,
0+
#7230000
b10101 6
b10101 =
b10101 B
1(
#7231250
1+
#7237500
0+
#7240000
0(
#7243750
1+
#7250000
0"
b10101 7
b10101 >
0+
1(
#7256250
1+
#7260000
0(
#7262500
0+
#7268750
1+
#7270000
1(
#7275000
0+
#7280000
1)
0(
#7281250
1+
#7287500
0+
#7290000
1"
b10101 ;
b10101 ?
b10100 #
b10100 :
1(
#7291000
b1011000 3
b0 0
b10101 1
b10100 J
#7293750
b10101 8
b10101 @
b10101 C
1+
#7300000
b10101 S
b10101 P
0)
0+
0(
#7306250
b10101 9
b10101 D
1+
#7310000
1(
#7312500
b1011001 4
b1 0
b10110 2
1,
b10101 '
b10101 5
0+
#7318750
b10110 <
b10110 A
1+
#7320000
0(
#7325000
0,
0+
#7330000
b10110 6
b10110 =
b10110 B
1(
#7331250
1+
#7337500
0+
#7340000
0(
#7343750
1+
#7350000
0"
b10110 7
b10110 >
0+
1(
#7356250
1+
#7360000
0(
#7362500
0+
#7368750
1+
#7370000
1(
#7375000
0+
#7380000
1)
0(
#7381250
1+
#7387500
0+
#7390000
1"
b10110 ;
b10110 ?
b10101 #
b10101 :
1(
#7391000
b1011001 3
b0 0
b10110 1
b10101 J
#7393750
b10110 8
b10110 @
b10110 C
1+
#7400000
b10110 S
b10110 P
0)
0+
0(
#7406250
b10110 9
b10110 D
1+
#7410000
1(
#7412500
b1011010 4
b1 0
b10111 2
1,
b10110 '
b10110 5
0+
#7418750
b10111 <
b10111 A
1+
#7420000
0(
#7425000
0,
0+
#7430000
b10111 6
b10111 =
b10111 B
1(
#7431250
1+
#7437500
0+
#7440000
0(
#7443750
1+
#7450000
0"
b10111 7
b10111 >
0+
1(
#7456250
1+
#7460000
0(
#7462500
0+
#7468750
1+
#7470000
1(
#7475000
0+
#7480000
1)
0(
#7481250
1+
#7487500
0+
#7490000
1"
b10111 ;
b10111 ?
b10110 #
b10110 :
1(
#7491000
b1011010 3
b0 0
b10111 1
b10110 J
#7493750
b10111 8
b10111 @
b10111 C
1+
#7500000
b10111 S
b10111 P
0)
0+
0(
#7506250
b10111 9
b10111 D
1+
#7510000
1(
#7512500
b1011011 4
b1 0
b11000 2
1,
b10111 '
b10111 5
0+
#7518750
b11000 <
b11000 A
1+
#7520000
0(
#7525000
0,
0+
#7530000
b11000 6
b11000 =
b11000 B
1(
#7531250
1+
#7537500
0+
#7540000
0(
#7543750
1+
#7550000
0"
b11000 7
b11000 >
0+
1(
#7556250
1+
#7560000
0(
#7562500
0+
#7568750
1+
#7570000
1(
#7575000
0+
#7580000
1)
0(
#7581250
1+
#7587500
0+
#7590000
1"
b11000 ;
b11000 ?
b10111 #
b10111 :
1(
#7591000
b1011011 3
b0 0
b11000 1
b10111 J
#7593750
b11000 8
b11000 @
b11000 C
1+
#7600000
b11000 S
b11000 P
0)
0+
0(
#7606250
b11000 9
b11000 D
1+
#7610000
1(
#7612500
b1011100 4
b1 0
b11001 2
1,
b11000 '
b11000 5
0+
#7618750
b11001 <
b11001 A
1+
#7620000
0(
#7625000
0,
0+
#7630000
b11001 6
b11001 =
b11001 B
1(
#7631250
1+
#7637500
0+
#7640000
0(
#7643750
1+
#7650000
0"
b11001 7
b11001 >
0+
1(
#7656250
1+
#7660000
0(
#7662500
0+
#7668750
1+
#7670000
1(
#7675000
0+
#7680000
1)
0(
#7681250
1+
#7687500
0+
#7690000
1"
b11001 ;
b11001 ?
b11000 #
b11000 :
1(
#7691000
b1011100 3
b0 0
b11001 1
b11000 J
#7693750
b11001 8
b11001 @
b11001 C
1+
#7700000
b11001 S
b11001 P
0)
0+
0(
#7706250
b11001 9
b11001 D
1+
#7710000
1(
#7712500
b1011101 4
b1 0
b11010 2
1,
b11001 '
b11001 5
0+
#7718750
b11010 <
b11010 A
1+
#7720000
0(
#7725000
0,
0+
#7730000
b11010 6
b11010 =
b11010 B
1(
#7731250
1+
#7737500
0+
#7740000
0(
#7743750
1+
#7750000
0"
b11010 7
b11010 >
0+
1(
#7756250
1+
#7760000
0(
#7762500
0+
#7768750
1+
#7770000
1(
#7775000
0+
#7780000
1)
0(
#7781250
1+
#7787500
0+
#7790000
1"
b11010 ;
b11010 ?
b11001 #
b11001 :
1(
#7791000
b1011101 3
b0 0
b11010 1
b11001 J
#7793750
b11010 8
b11010 @
b11010 C
1+
#7800000
b11010 S
b11010 P
0)
0+
0(
#7806250
b11010 9
b11010 D
1+
#7810000
1(
#7812500
b1011110 4
b1 0
b11011 2
1,
b11010 '
b11010 5
0+
#7818750
b11011 <
b11011 A
1+
#7820000
0(
#7825000
0,
0+
#7830000
b11011 6
b11011 =
b11011 B
1(
#7831250
1+
#7837500
0+
#7840000
0(
#7843750
1+
#7850000
0"
b11011 7
b11011 >
0+
1(
#7856250
1+
#7860000
0(
#7862500
0+
#7868750
1+
#7870000
1(
#7875000
0+
#7880000
1)
0(
#7881250
1+
#7887500
0+
#7890000
1"
b11011 ;
b11011 ?
b11010 #
b11010 :
1(
#7891000
b1011110 3
b0 0
b11011 1
b11010 J
#7893750
b11011 8
b11011 @
b11011 C
1+
#7900000
b11011 S
b11011 P
0)
0+
0(
#7906250
b11011 9
b11011 D
1+
#7910000
1(
#7912500
b1011111 4
b1 0
b11100 2
1,
b11011 '
b11011 5
0+
#7918750
b11100 <
b11100 A
1+
#7920000
0(
#7925000
0,
0+
#7930000
b11100 6
b11100 =
b11100 B
1(
#7931250
1+
#7937500
0+
#7940000
0(
#7943750
1+
#7950000
0"
b11100 7
b11100 >
0+
1(
#7956250
1+
#7960000
0(
#7962500
0+
#7968750
1+
#7970000
1(
#7975000
0+
#7980000
1)
0(
#7981250
1+
#7987500
0+
#7990000
1"
b11100 ;
b11100 ?
b11011 #
b11011 :
1(
#7991000
b1011111 3
b0 0
b11100 1
b11011 J
#7993750
b11100 8
b11100 @
b11100 C
1+
#8000000
b11100 S
b11100 P
0)
0+
0(
#8006250
b11100 9
b11100 D
1+
#8010000
1(
#8012500
b1100000 4
b1 0
b11101 2
1,
b11100 '
b11100 5
0+
#8018750
b11101 <
b11101 A
1+
#8020000
0(
#8025000
0,
0+
#8030000
b11101 6
b11101 =
b11101 B
1(
#8031250
1+
#8037500
0+
#8040000
0(
#8043750
1+
#8050000
0"
b11101 7
b11101 >
0+
1(
#8056250
1+
#8060000
0(
#8062500
0+
#8068750
1+
#8070000
1(
#8075000
0+
#8080000
1)
0(
#8081250
1+
#8087500
0+
#8090000
1"
b11101 ;
b11101 ?
b11100 #
b11100 :
1(
#8091000
b1100000 3
b0 0
b11101 1
b11100 J
#8093750
b11101 8
b11101 @
b11101 C
1+
#8100000
b11101 S
b11101 P
0)
0+
0(
#8106250
b11101 9
b11101 D
1+
#8110000
1(
#8112500
b1100001 4
b1 0
b11110 2
1,
b11101 '
b11101 5
0+
#8118750
b11110 <
b11110 A
1+
#8120000
0(
#8125000
0,
0+
#8130000
b11110 6
b11110 =
b11110 B
1(
#8131250
1+
#8137500
0+
#8140000
0(
#8143750
1+
#8150000
0"
b11110 7
b11110 >
0+
1(
#8156250
1+
#8160000
0(
#8162500
0+
#8168750
1+
#8170000
1(
#8175000
0+
#8180000
1)
0(
#8181250
1+
#8187500
0+
#8190000
1"
b11110 ;
b11110 ?
b11101 #
b11101 :
1(
#8191000
b1100001 3
b0 0
b11110 1
b11101 J
#8193750
b11110 8
b11110 @
b11110 C
1+
#8200000
b11110 S
b11110 P
0)
0+
0(
#8206250
b11110 9
b11110 D
1+
#8210000
1(
#8212500
b1100010 4
b1 0
b11111 2
1,
b11110 '
b11110 5
0+
#8218750
b11111 <
b11111 A
1+
#8220000
0(
#8225000
0,
0+
#8230000
b11111 6
b11111 =
b11111 B
1(
#8231250
1+
#8237500
0+
#8240000
0(
#8243750
1+
#8250000
0"
b11111 7
b11111 >
0+
1(
#8256250
1+
#8260000
0(
#8262500
0+
#8268750
1+
#8270000
1(
#8275000
0+
#8280000
1)
0(
#8281250
1+
#8287500
0+
#8290000
1"
b11111 ;
b11111 ?
b11110 #
b11110 :
1(
#8291000
b1100010 3
b0 0
b11111 1
b11110 J
#8293750
b11111 8
b11111 @
b11111 C
1+
#8300000
b11111 S
b11111 P
0)
0+
0(
#8306250
b11111 9
b11111 D
1+
#8310000
1(
#8312500
b1100011 4
b1 0
b100000 2
1,
b11111 '
b11111 5
0+
#8318750
b100000 <
b100000 A
1+
#8320000
0(
#8325000
0,
0+
#8330000
b100000 6
b100000 =
b100000 B
1(
#8331250
1+
#8337500
0+
#8340000
0(
#8343750
1+
#8350000
0"
b100000 7
b100000 >
0+
1(
#8356250
1+
#8360000
0(
#8362500
0+
#8368750
1+
#8370000
1(
#8375000
0+
#8380000
1)
0(
#8381250
1+
#8387500
0+
#8390000
1"
b100000 ;
b100000 ?
b11111 #
b11111 :
1(
#8391000
b1100011 3
b0 0
b100000 1
b11111 J
#8393750
b100000 8
b100000 @
b100000 C
1+
#8400000
b100000 S
b100000 P
0)
0+
0(
#8406250
b100000 9
b100000 D
1+
#8410000
1(
#8412500
b1100100 4
b1 0
b100001 2
1,
b100000 '
b100000 5
0+
#8418750
b100001 <
b100001 A
1+
#8420000
0(
#8425000
0,
0+
#8430000
b100001 6
b100001 =
b100001 B
1(
#8431250
1+
#8437500
0+
#8440000
0(
#8443750
1+
#8450000
0"
b100001 7
b100001 >
0+
1(
#8456250
1+
#8460000
0(
#8462500
0+
#8468750
1+
#8470000
1(
#8475000
0+
#8480000
1)
0(
#8481250
1+
#8487500
0+
#8490000
1"
b100001 ;
b100001 ?
b100000 #
b100000 :
1(
#8491000
b1100100 3
b0 0
b100001 1
b100000 J
#8493750
b100001 8
b100001 @
b100001 C
1+
#8500000
b100001 S
b100001 P
0)
0+
0(
#8506250
b100001 9
b100001 D
1+
#8510000
1(
#8512500
b1100101 4
b1 0
b100010 2
1,
b100001 '
b100001 5
0+
#8518750
b100010 <
b100010 A
1+
#8520000
0(
#8525000
0,
0+
#8530000
b100010 6
b100010 =
b100010 B
1(
#8531250
1+
#8537500
0+
#8540000
0(
#8543750
1+
#8550000
0"
b100010 7
b100010 >
0+
1(
#8556250
1+
#8560000
0(
#8562500
0+
#8568750
1+
#8570000
1(
#8575000
0+
#8580000
1)
0(
#8581250
1+
#8587500
0+
#8590000
1"
b100010 ;
b100010 ?
b100001 #
b100001 :
1(
#8591000
b1100101 3
b0 0
b100010 1
b100001 J
#8593750
b100010 8
b100010 @
b100010 C
1+
#8600000
b100010 S
b100010 P
0)
0+
0(
#8606250
b100010 9
b100010 D
1+
#8610000
1(
#8612500
b1100110 4
b1 0
b100011 2
1,
b100010 '
b100010 5
0+
#8618750
b100011 <
b100011 A
1+
#8620000
0(
#8625000
0,
0+
#8630000
b100011 6
b100011 =
b100011 B
1(
#8631250
1+
#8637500
0+
#8640000
0(
#8643750
1+
#8650000
0"
b100011 7
b100011 >
0+
1(
#8656250
1+
#8660000
0(
#8662500
0+
#8668750
1+
#8670000
1(
#8675000
0+
#8680000
1)
0(
#8681250
1+
#8687500
0+
#8690000
1"
b100011 ;
b100011 ?
b100010 #
b100010 :
1(
#8691000
b1100110 3
b0 0
b100011 1
b100010 J
#8693750
b100011 8
b100011 @
b100011 C
1+
#8700000
b100011 S
b100011 P
0)
0+
0(
#8706250
b100011 9
b100011 D
1+
#8710000
1(
#8712500
b1100111 4
b1 0
b100100 2
1,
b100011 '
b100011 5
0+
#8718750
b100100 <
b100100 A
1+
#8720000
0(
#8725000
0,
0+
#8730000
b100100 6
b100100 =
b100100 B
1(
#8731250
1+
#8737500
0+
#8740000
0(
#8743750
1+
#8750000
0"
b100100 7
b100100 >
0+
1(
#8756250
1+
#8760000
0(
#8762500
0+
#8768750
1+
#8770000
1(
#8775000
0+
#8780000
1)
0(
#8781250
1+
#8787500
0+
#8790000
1"
b100100 ;
b100100 ?
b100011 #
b100011 :
1(
#8791000
b1100111 3
b0 0
b100100 1
b100011 J
#8793750
b100100 8
b100100 @
b100100 C
1+
#8800000
b100100 S
b100100 P
0)
0+
0(
#8806250
b100100 9
b100100 D
1+
#8810000
1(
#8812500
b1101000 4
b1 0
b100101 2
1,
b100100 '
b100100 5
0+
#8818750
b100101 <
b100101 A
1+
#8820000
0(
#8825000
0,
0+
#8830000
b100101 6
b100101 =
b100101 B
1(
#8831250
1+
#8837500
0+
#8840000
0(
#8843750
1+
#8850000
0"
b100101 7
b100101 >
0+
1(
#8856250
1+
#8860000
0(
#8862500
0+
#8868750
1+
#8870000
1(
#8875000
0+
#8880000
1)
0(
#8881250
1+
#8887500
0+
#8890000
1"
b100101 ;
b100101 ?
b100100 #
b100100 :
1(
#8891000
b1101000 3
b0 0
b100101 1
b100100 J
#8893750
b100101 8
b100101 @
b100101 C
1+
#8900000
b100101 S
b100101 P
0)
0+
0(
#8906250
b100101 9
b100101 D
1+
#8910000
1(
#8912500
b1101001 4
b1 0
b100110 2
1,
b100101 '
b100101 5
0+
#8918750
b100110 <
b100110 A
1+
#8920000
0(
#8925000
0,
0+
#8930000
b100110 6
b100110 =
b100110 B
1(
#8931250
1+
#8937500
0+
#8940000
0(
#8943750
1+
#8950000
0"
b100110 7
b100110 >
0+
1(
#8956250
1+
#8960000
0(
#8962500
0+
#8968750
1+
#8970000
1(
#8975000
0+
#8980000
1)
0(
#8981250
1+
#8987500
0+
#8990000
1"
b100110 ;
b100110 ?
b100101 #
b100101 :
1(
#8991000
b1101001 3
b0 0
b100110 1
b100101 J
#8993750
b100110 8
b100110 @
b100110 C
1+
#9000000
b100110 S
b100110 P
0)
0+
0(
#9006250
b100110 9
b100110 D
1+
#9010000
1(
#9012500
b1101010 4
b1 0
b100111 2
1,
b100110 '
b100110 5
0+
#9018750
b100111 <
b100111 A
1+
#9020000
0(
#9025000
0,
0+
#9030000
b100111 6
b100111 =
b100111 B
1(
#9031250
1+
#9037500
0+
#9040000
0(
#9043750
1+
#9050000
0"
b100111 7
b100111 >
0+
1(
#9056250
1+
#9060000
0(
#9062500
0+
#9068750
1+
#9070000
1(
#9075000
0+
#9080000
1)
0(
#9081250
1+
#9087500
0+
#9090000
1"
b100111 ;
b100111 ?
b100110 #
b100110 :
1(
#9091000
b1101010 3
b0 0
b100111 1
b100110 J
#9093750
b100111 8
b100111 @
b100111 C
1+
#9100000
b100111 S
b100111 P
0)
0+
0(
#9106250
b100111 9
b100111 D
1+
#9110000
1(
#9112500
b1101011 4
b1 0
b101000 2
1,
b100111 '
b100111 5
0+
#9118750
b101000 <
b101000 A
1+
#9120000
0(
#9125000
0,
0+
#9130000
b101000 6
b101000 =
b101000 B
1(
#9131250
1+
#9137500
0+
#9140000
0(
#9143750
1+
#9150000
0"
b101000 7
b101000 >
0+
1(
#9156250
1+
#9160000
0(
#9162500
0+
#9168750
1+
#9170000
1(
#9175000
0+
#9180000
1)
0(
#9181250
1+
#9187500
0+
#9190000
1"
b101000 ;
b101000 ?
b100111 #
b100111 :
1(
#9191000
b1101011 3
b0 0
b101000 1
b100111 J
#9193750
b101000 8
b101000 @
b101000 C
1+
#9200000
b101000 S
b101000 P
0)
0+
0(
#9206250
b101000 9
b101000 D
1+
#9210000
1(
#9212500
b1101100 4
b1 0
b101001 2
1,
b101000 '
b101000 5
0+
#9218750
b101001 <
b101001 A
1+
#9220000
0(
#9225000
0,
0+
#9230000
b101001 6
b101001 =
b101001 B
1(
#9231250
1+
#9237500
0+
#9240000
0(
#9243750
1+
#9250000
0"
b101001 7
b101001 >
0+
1(
#9256250
1+
#9260000
0(
#9262500
0+
#9268750
1+
#9270000
1(
#9275000
0+
#9280000
1)
0(
#9281250
1+
#9287500
0+
#9290000
1"
b101001 ;
b101001 ?
b101000 #
b101000 :
1(
#9291000
b1101100 3
b0 0
b101001 1
b101000 J
#9293750
b101001 8
b101001 @
b101001 C
1+
#9300000
b101001 S
b101001 P
0)
0+
0(
#9306250
b101001 9
b101001 D
1+
#9310000
1(
#9312500
b1101101 4
b1 0
b101010 2
1,
b101001 '
b101001 5
0+
#9318750
b101010 <
b101010 A
1+
#9320000
0(
#9325000
0,
0+
#9330000
b101010 6
b101010 =
b101010 B
1(
#9331250
1+
#9337500
0+
#9340000
0(
#9343750
1+
#9350000
0"
b101010 7
b101010 >
0+
1(
#9356250
1+
#9360000
0(
#9362500
0+
#9368750
1+
#9370000
1(
#9375000
0+
#9380000
1)
0(
#9381250
1+
#9387500
0+
#9390000
1"
b101010 ;
b101010 ?
b101001 #
b101001 :
1(
#9391000
b1101101 3
b0 0
b101010 1
b101001 J
#9393750
b101010 8
b101010 @
b101010 C
1+
#9400000
b101010 S
b101010 P
0)
0+
0(
#9406250
b101010 9
b101010 D
1+
#9410000
1(
#9412500
b1101110 4
b1 0
b101011 2
1,
b101010 '
b101010 5
0+
#9418750
b101011 <
b101011 A
1+
#9420000
0(
#9425000
0,
0+
#9430000
b101011 6
b101011 =
b101011 B
1(
#9431250
1+
#9437500
0+
#9440000
0(
#9443750
1+
#9450000
0"
b101011 7
b101011 >
0+
1(
#9456250
1+
#9460000
0(
#9462500
0+
#9468750
1+
#9470000
1(
#9475000
0+
#9480000
1)
0(
#9481250
1+
#9487500
0+
#9490000
1"
b101011 ;
b101011 ?
b101010 #
b101010 :
1(
#9491000
b1101110 3
b0 0
b101011 1
b101010 J
#9493750
b101011 8
b101011 @
b101011 C
1+
#9500000
b101011 S
b101011 P
0)
0+
0(
#9506250
b101011 9
b101011 D
1+
#9510000
1(
#9512500
b1101111 4
b1 0
b101100 2
1,
b101011 '
b101011 5
0+
#9518750
b101100 <
b101100 A
1+
#9520000
0(
#9525000
0,
0+
#9530000
b101100 6
b101100 =
b101100 B
1(
#9531250
1+
#9537500
0+
#9540000
0(
#9543750
1+
#9550000
0"
b101100 7
b101100 >
0+
1(
#9556250
1+
#9560000
0(
#9562500
0+
#9568750
1+
#9570000
1(
#9575000
0+
#9580000
1)
0(
#9581250
1+
#9587500
0+
#9590000
1"
b101100 ;
b101100 ?
b101011 #
b101011 :
1(
#9591000
b1101111 3
b0 0
b101100 1
b101011 J
#9593750
b101100 8
b101100 @
b101100 C
1+
#9600000
b101100 S
b101100 P
0)
0+
0(
#9606250
b101100 9
b101100 D
1+
#9610000
1(
#9612500
b1110000 4
b1 0
b101101 2
1,
b101100 '
b101100 5
0+
#9618750
b101101 <
b101101 A
1+
#9620000
0(
#9625000
0,
0+
#9630000
b101101 6
b101101 =
b101101 B
1(
#9631250
1+
#9637500
0+
#9640000
0(
#9643750
1+
#9650000
0"
b101101 7
b101101 >
0+
1(
#9656250
1+
#9660000
0(
#9662500
0+
#9668750
1+
#9670000
1(
#9675000
0+
#9680000
1)
0(
#9681250
1+
#9687500
0+
#9690000
1"
b101101 ;
b101101 ?
b101100 #
b101100 :
1(
#9691000
b1110000 3
b0 0
b101101 1
b101100 J
#9693750
b101101 8
b101101 @
b101101 C
1+
#9700000
b101101 S
b101101 P
0)
0+
0(
#9706250
b101101 9
b101101 D
1+
#9710000
1(
#9712500
b1110001 4
b1 0
b101110 2
1,
b101101 '
b101101 5
0+
#9718750
b101110 <
b101110 A
1+
#9720000
0(
#9725000
0,
0+
#9730000
b101110 6
b101110 =
b101110 B
1(
#9731250
1+
#9737500
0+
#9740000
0(
#9743750
1+
#9750000
0"
b101110 7
b101110 >
0+
1(
#9756250
1+
#9760000
0(
#9762500
0+
#9768750
1+
#9770000
1(
#9775000
0+
#9780000
1)
0(
#9781250
1+
#9787500
0+
#9790000
1"
b101110 ;
b101110 ?
b101101 #
b101101 :
1(
#9791000
b1110001 3
b0 0
b101110 1
b101101 J
#9793750
b101110 8
b101110 @
b101110 C
1+
#9800000
b101110 S
b101110 P
0)
0+
0(
#9806250
b101110 9
b101110 D
1+
#9810000
1(
#9812500
b1110010 4
b1 0
b101111 2
1,
b101110 '
b101110 5
0+
#9818750
b101111 <
b101111 A
1+
#9820000
0(
#9825000
0,
0+
#9830000
b101111 6
b101111 =
b101111 B
1(
#9831250
1+
#9837500
0+
#9840000
0(
#9843750
1+
#9850000
0"
b101111 7
b101111 >
0+
1(
#9856250
1+
#9860000
0(
#9862500
0+
#9868750
1+
#9870000
1(
#9875000
0+
#9880000
1)
0(
#9881250
1+
#9887500
0+
#9890000
1"
b101111 ;
b101111 ?
b101110 #
b101110 :
1(
#9891000
b1110010 3
b0 0
b101111 1
b101110 J
#9893750
b101111 8
b101111 @
b101111 C
1+
#9900000
b101111 S
b101111 P
0)
0+
0(
#9906250
b101111 9
b101111 D
1+
#9910000
1(
#9912500
b1110011 4
b1 0
b110000 2
1,
b101111 '
b101111 5
0+
#9918750
b110000 <
b110000 A
1+
#9920000
0(
#9925000
0,
0+
#9930000
b110000 6
b110000 =
b110000 B
1(
#9931250
1+
#9937500
0+
#9940000
0(
#9943750
1+
#9950000
0"
b110000 7
b110000 >
0+
1(
#9956250
1+
#9960000
0(
#9962500
0+
#9968750
1+
#9970000
1(
#9975000
0+
#9980000
1)
0(
#9981250
1+
#9987500
0+
#9990000
1"
b110000 ;
b110000 ?
b101111 #
b101111 :
1(
#9991000
b1110011 3
b0 0
b110000 1
b101111 J
#9993750
b110000 8
b110000 @
b110000 C
1+
#10000000
b110000 S
b110000 P
0)
0+
0(
#10006250
b110000 9
b110000 D
1+
#10010000
1(
#10012500
b1110100 4
b1 0
b110001 2
1,
b110000 '
b110000 5
0+
#10018750
b110001 <
b110001 A
1+
#10020000
0(
#10025000
0,
0+
#10030000
b110001 6
b110001 =
b110001 B
1(
#10031250
1+
#10037500
0+
#10040000
0(
#10043750
1+
#10050000
0"
b110001 7
b110001 >
0+
1(
#10056250
1+
#10060000
0(
#10062500
0+
#10068750
1+
#10070000
1(
#10075000
0+
#10080000
1)
0(
#10081250
1+
#10087500
0+
#10090000
1"
b110001 ;
b110001 ?
b110000 #
b110000 :
1(
#10091000
b1110100 3
b0 0
b110001 1
b110000 J
#10093750
b110001 8
b110001 @
b110001 C
1+
#10100000
b110001 S
b110001 P
0)
0+
0(
#10106250
b110001 9
b110001 D
1+
#10110000
1(
#10112500
b1110101 4
b1 0
b110010 2
1,
b110001 '
b110001 5
0+
#10118750
b110010 <
b110010 A
1+
#10120000
0(
#10125000
0,
0+
#10130000
b110010 6
b110010 =
b110010 B
1(
#10131250
1+
#10137500
0+
#10140000
0(
#10143750
1+
#10150000
0"
b110010 7
b110010 >
0+
1(
#10156250
1+
#10160000
0(
#10162500
0+
#10168750
1+
#10170000
1(
#10175000
0+
#10180000
1)
0(
#10181250
1+
#10187500
0+
#10190000
1"
b110010 ;
b110010 ?
b110001 #
b110001 :
1(
#10191000
b1110101 3
b0 0
b110010 1
b110001 J
#10193750
b110010 8
b110010 @
b110010 C
1+
#10200000
b110010 S
b110010 P
0)
0+
0(
#10206250
b110010 9
b110010 D
1+
#10210000
1(
#10212500
b1110110 4
b1 0
b110011 2
1,
b110010 '
b110010 5
0+
#10218750
b110011 <
b110011 A
1+
#10220000
0(
#10225000
0,
0+
#10230000
b110011 6
b110011 =
b110011 B
1(
#10231250
1+
#10237500
0+
#10240000
0(
#10243750
1+
#10250000
0"
b110011 7
b110011 >
0+
1(
#10256250
1+
#10260000
0(
#10262500
0+
#10268750
1+
#10270000
1(
#10275000
0+
#10280000
1)
0(
#10281250
1+
#10287500
0+
#10290000
1"
b110011 ;
b110011 ?
b110010 #
b110010 :
1(
#10291000
b1110110 3
b0 0
b110011 1
b110010 J
#10293750
b110011 8
b110011 @
b110011 C
1+
#10300000
b110011 S
b110011 P
0)
0+
0(
#10306250
b110011 9
b110011 D
1+
#10310000
1(
#10312500
b1110111 4
b1 0
b110100 2
1,
b110011 '
b110011 5
0+
#10318750
b110100 <
b110100 A
1+
#10320000
0(
#10325000
0,
0+
#10330000
b110100 6
b110100 =
b110100 B
1(
#10331250
1+
#10337500
0+
#10340000
0(
#10343750
1+
#10350000
0"
b110100 7
b110100 >
0+
1(
#10356250
1+
#10360000
0(
#10362500
0+
#10368750
1+
#10370000
1(
#10375000
0+
#10380000
1)
0(
#10381250
1+
#10387500
0+
#10390000
1"
b110100 ;
b110100 ?
b110011 #
b110011 :
1(
#10391000
b1110111 3
b0 0
b110100 1
b110011 J
#10393750
b110100 8
b110100 @
b110100 C
1+
#10400000
b110100 S
b110100 P
0)
0+
0(
#10406250
b110100 9
b110100 D
1+
#10410000
1(
#10412500
b1111000 4
b1 0
b110101 2
1,
b110100 '
b110100 5
0+
#10418750
b110101 <
b110101 A
1+
#10420000
0(
#10425000
0,
0+
#10430000
b110101 6
b110101 =
b110101 B
1(
#10431250
1+
#10437500
0+
#10440000
0(
#10443750
1+
#10450000
0"
b110101 7
b110101 >
0+
1(
#10456250
1+
#10460000
0(
#10462500
0+
#10468750
1+
#10470000
1(
#10475000
0+
#10480000
1)
0(
#10481250
1+
#10487500
0+
#10490000
1"
b110101 ;
b110101 ?
b110100 #
b110100 :
1(
#10491000
b1111000 3
b0 0
b110101 1
b110100 J
#10493750
b110101 8
b110101 @
b110101 C
1+
#10500000
b110101 S
b110101 P
0)
0+
0(
#10506250
b110101 9
b110101 D
1+
#10510000
1(
#10512500
b1111001 4
b1 0
b110110 2
1,
b110101 '
b110101 5
0+
#10518750
b110110 <
b110110 A
1+
#10520000
0(
#10525000
0,
0+
#10530000
b110110 6
b110110 =
b110110 B
1(
#10531250
1+
#10537500
0+
#10540000
0(
#10543750
1+
#10550000
0"
b110110 7
b110110 >
0+
1(
#10556250
1+
#10560000
0(
#10562500
0+
#10568750
1+
#10570000
1(
#10575000
0+
#10580000
1)
0(
#10581250
1+
#10587500
0+
#10590000
1"
b110110 ;
b110110 ?
b110101 #
b110101 :
1(
#10591000
b1111001 3
b0 0
b110110 1
b110101 J
#10593750
b110110 8
b110110 @
b110110 C
1+
#10600000
b110110 S
b110110 P
0)
0+
0(
#10606250
b110110 9
b110110 D
1+
#10610000
1(
#10612500
b1111010 4
b1 0
b110111 2
1,
b110110 '
b110110 5
0+
#10618750
b110111 <
b110111 A
1+
#10620000
0(
#10625000
0,
0+
#10630000
b110111 6
b110111 =
b110111 B
1(
#10631250
1+
#10637500
0+
#10640000
0(
#10643750
1+
#10650000
0"
b110111 7
b110111 >
0+
1(
#10656250
1+
#10660000
0(
#10662500
0+
#10668750
1+
#10670000
1(
#10675000
0+
#10680000
1)
0(
#10681250
1+
#10687500
0+
#10690000
1"
b110111 ;
b110111 ?
b110110 #
b110110 :
1(
#10691000
b1111010 3
b0 0
b110111 1
b110110 J
#10693750
b110111 8
b110111 @
b110111 C
1+
#10700000
b110111 S
b110111 P
0)
0+
0(
#10706250
b110111 9
b110111 D
1+
#10710000
1(
#10712500
b1111011 4
b1 0
b111000 2
1,
b110111 '
b110111 5
0+
#10718750
b111000 <
b111000 A
1+
#10720000
0(
#10725000
0,
0+
#10730000
b111000 6
b111000 =
b111000 B
1(
#10731250
1+
#10737500
0+
#10740000
0(
#10743750
1+
#10750000
0"
b111000 7
b111000 >
0+
1(
#10756250
1+
#10760000
0(
#10762500
0+
#10768750
1+
#10770000
1(
#10775000
0+
#10780000
1)
0(
#10781250
1+
#10787500
0+
#10790000
1"
b111000 ;
b111000 ?
b110111 #
b110111 :
1(
#10791000
b1111011 3
b0 0
b111000 1
b110111 J
#10793750
b111000 8
b111000 @
b111000 C
1+
#10800000
b111000 S
b111000 P
0)
0+
0(
#10806250
b111000 9
b111000 D
1+
#10810000
1(
#10812500
b1111100 4
b1 0
b111001 2
1,
b111000 '
b111000 5
0+
#10818750
b111001 <
b111001 A
1+
#10820000
0(
#10825000
0,
0+
#10830000
b111001 6
b111001 =
b111001 B
1(
#10831250
1+
#10837500
0+
#10840000
0(
#10843750
1+
#10850000
0"
b111001 7
b111001 >
0+
1(
#10856250
1+
#10860000
0(
#10862500
0+
#10868750
1+
#10870000
1(
#10875000
0+
#10880000
1)
0(
#10881250
1+
#10887500
0+
#10890000
1"
b111001 ;
b111001 ?
b111000 #
b111000 :
1(
#10891000
b1111100 3
b0 0
b111001 1
b111000 J
#10893750
b111001 8
b111001 @
b111001 C
1+
#10900000
b111001 S
b111001 P
0)
0+
0(
#10906250
b111001 9
b111001 D
1+
#10910000
1(
#10912500
b1111101 4
b1 0
b111010 2
1,
b111001 '
b111001 5
0+
#10918750
b111010 <
b111010 A
1+
#10920000
0(
#10925000
0,
0+
#10930000
b111010 6
b111010 =
b111010 B
1(
#10931250
1+
#10937500
0+
#10940000
0(
#10943750
1+
#10950000
0"
b111010 7
b111010 >
0+
1(
#10956250
1+
#10960000
0(
#10962500
0+
#10968750
1+
#10970000
1(
#10975000
0+
#10980000
1)
0(
#10981250
1+
#10987500
0+
#10990000
1"
b111010 ;
b111010 ?
b111001 #
b111001 :
1(
#10991000
b1111101 3
b0 0
b111010 1
b111001 J
#10993750
b111010 8
b111010 @
b111010 C
1+
#11000000
b111010 S
b111010 P
0)
0+
0(
#11006250
b111010 9
b111010 D
1+
#11010000
1(
#11012500
b1111110 4
b1 0
b111011 2
1,
b111010 '
b111010 5
0+
#11018750
b111011 <
b111011 A
1+
#11020000
0(
#11025000
0,
0+
#11030000
b111011 6
b111011 =
b111011 B
1(
#11031250
1+
#11037500
0+
#11040000
0(
#11043750
1+
#11050000
0"
b111011 7
b111011 >
0+
1(
#11056250
1+
#11060000
0(
#11062500
0+
#11068750
1+
#11070000
1(
#11075000
0+
#11080000
1)
0(
#11081250
1+
#11087500
0+
#11090000
1"
b111011 ;
b111011 ?
b111010 #
b111010 :
1(
#11091000
b1111110 3
b0 0
b111011 1
b111010 J
#11093750
b111011 8
b111011 @
b111011 C
1+
#11100000
b111011 S
b111011 P
0)
0+
0(
#11106250
b111011 9
b111011 D
1+
#11110000
1(
#11112500
b1111111 4
b1 0
b111100 2
1,
b111011 '
b111011 5
0+
#11118750
b111100 <
b111100 A
1+
#11120000
0(
#11125000
0,
0+
#11130000
b111100 6
b111100 =
b111100 B
1(
#11131250
1+
#11137500
0+
#11140000
0(
#11143750
1+
#11150000
0"
b111100 7
b111100 >
0+
1(
#11156250
1+
#11160000
0(
#11162500
0+
#11168750
1+
#11170000
1(
#11175000
0+
#11180000
1)
0(
#11181250
1+
#11187500
0+
#11190000
1"
b111100 ;
b111100 ?
b111011 #
b111011 :
1(
#11191000
b1111111 3
b0 0
b111100 1
b111011 J
#11193750
b111100 8
b111100 @
b111100 C
1+
#11200000
b111100 S
b111100 P
0)
0+
0(
#11206250
b111100 9
b111100 D
1+
#11210000
1(
#11212500
b10000000 4
b1 0
b111101 2
1,
b111100 '
b111100 5
0+
#11218750
b111101 <
b111101 A
1+
#11220000
0(
#11225000
0,
0+
#11230000
b111101 6
b111101 =
b111101 B
1(
#11231250
1+
#11237500
0+
#11240000
0(
#11243750
1+
#11250000
0"
b111101 7
b111101 >
0+
1(
#11256250
1+
#11260000
0(
#11262500
0+
#11268750
1+
#11270000
1(
#11275000
0+
#11280000
1)
0(
#11281250
1+
#11287500
0+
#11290000
1"
b111101 ;
b111101 ?
b111100 #
b111100 :
1(
#11291000
b10000000 3
b0 0
b111101 1
b111100 J
#11293750
b111101 8
b111101 @
b111101 C
1+
#11300000
b111101 S
b111101 P
0)
0+
0(
#11306250
b111101 9
b111101 D
1+
#11310000
1(
#11312500
b10000001 4
b1 0
b111110 2
1,
b111101 '
b111101 5
0+
#11318750
b111110 <
b111110 A
1+
#11320000
0(
#11325000
0,
0+
#11330000
b111110 6
b111110 =
b111110 B
1(
#11331250
1+
#11337500
0+
#11340000
0(
#11343750
1+
#11350000
0"
b111110 7
b111110 >
0+
1(
#11356250
1+
#11360000
0(
#11362500
0+
#11368750
1+
#11370000
1(
#11375000
0+
#11380000
1)
0(
#11381250
1+
#11387500
0+
#11390000
1"
b111110 ;
b111110 ?
b111101 #
b111101 :
1(
#11391000
b10000001 3
b0 0
b111110 1
b111101 J
#11393750
b111110 8
b111110 @
b111110 C
1+
#11400000
b111110 S
b111110 P
0)
0+
0(
#11406250
b111110 9
b111110 D
1+
#11410000
1(
#11412500
b10000010 4
b1 0
b0 2
1,
b111110 '
b111110 5
0+
#11418750
b111111 <
b111111 A
1+
#11420000
0(
#11425000
0,
0+
#11430000
b111111 6
b111111 =
b111111 B
1(
#11431250
1+
#11437500
0+
#11440000
0(
#11443750
1+
#11450000
0"
b111111 7
b111111 >
0+
1(
#11456250
1+
#11460000
0(
#11462500
0+
#11468750
1+
#11470000
1(
#11475000
0+
#11480000
1)
0(
#11481250
1+
#11487500
0+
#11490000
1"
b111111 ;
b111111 ?
b111110 #
b111110 :
1(
#11491000
b10000010 3
b0 0
b0 1
b111110 J
#11493750
b111111 8
b111111 @
b111111 C
1+
#11500000
b111111 S
b111111 P
0)
0+
0(
#11506250
b111111 9
b111111 D
1+
#11510000
1(
#11512500
b10000011 4
b1 0
b1 2
1,
b111111 '
b111111 5
0+
#11518750
b0 <
b0 A
1+
#11520000
0(
#11525000
0,
0+
#11530000
b0 6
b0 =
b0 B
1(
#11531250
1+
#11537500
0+
#11540000
0(
#11543750
1+
#11550000
0"
b0 7
b0 >
0+
1(
#11556250
1+
#11560000
0(
#11562500
0+
#11568750
1+
#11570000
1(
#11575000
0+
#11580000
1)
0(
#11581250
1+
#11587500
0+
#11590000
1"
b0 ;
b0 ?
b111111 #
b111111 :
1(
#11591000
b10000011 3
b0 0
b1 1
b111111 J
#11593750
b0 8
b0 @
b0 C
1+
#11600000
b1000000 S
b1000000 P
0)
0+
0(
#11606250
b0 9
b0 D
1+
#11610000
1(
#11612500
b10000100 4
b1 0
b10 2
1,
b1000000 '
b1000000 5
0+
#11618750
b1 <
b1 A
1+
#11620000
0(
#11625000
0,
0+
#11630000
b1 6
b1 =
b1 B
1(
#11631250
1+
#11637500
0+
#11640000
0(
#11643750
1+
#11650000
0"
b1 7
b1 >
0+
1(
#11656250
1+
#11660000
0(
#11662500
0+
#11668750
1+
#11670000
1(
#11675000
0+
#11680000
1)
0(
#11681250
1+
#11687500
0+
#11690000
1"
b1 ;
b1 ?
b1000000 #
b1000000 :
1(
#11691000
b10000100 3
b0 0
b10 1
b1000000 J
#11693750
b1 8
b1 @
b1 C
1+
#11700000
b1000001 S
b1000001 P
0)
0+
0(
#11706250
b1 9
b1 D
1+
#11710000
1(
#11712500
b10000101 4
b1 0
b11 2
1,
b1000001 '
b1000001 5
0+
#11718750
b10 <
b10 A
1+
#11720000
0(
#11725000
0,
0+
#11730000
b10 6
b10 =
b10 B
1(
#11731250
1+
#11737500
0+
#11740000
0(
#11743750
1+
#11750000
0"
b10 7
b10 >
0+
1(
#11756250
1+
#11760000
0(
#11762500
0+
#11768750
1+
#11770000
1(
#11775000
0+
#11780000
1)
0(
#11781250
1+
#11787500
0+
#11790000
1"
b10 ;
b10 ?
b1000001 #
b1000001 :
1(
#11791000
b10000101 3
b0 0
b11 1
b1000001 J
#11793750
b10 8
b10 @
b10 C
1+
#11800000
b1000010 S
b1000010 P
0)
0+
0(
#11806250
b10 9
b10 D
1+
#11810000
1(
#11812500
b10000110 4
b1 0
b100 2
1,
b1000010 '
b1000010 5
0+
#11818750
b11 <
b11 A
1+
#11820000
0(
#11825000
0,
0+
#11830000
b11 6
b11 =
b11 B
1(
#11831250
1+
#11837500
0+
#11840000
0(
#11843750
1+
#11850000
0"
b11 7
b11 >
0+
1(
#11856250
1+
#11860000
0(
#11862500
0+
#11868750
1+
#11870000
1(
#11875000
0+
#11880000
1)
0(
#11881250
1+
#11887500
0+
#11890000
1"
b11 ;
b11 ?
b1000010 #
b1000010 :
1(
#11891000
b10000110 3
b0 0
b100 1
b1000010 J
#11893750
b11 8
b11 @
b11 C
1+
#11900000
b1000011 S
b1000011 P
0)
0+
0(
#11906250
b11 9
b11 D
1+
#11910000
1(
#11912500
b10000111 4
b1 0
b101 2
1,
b1000011 '
b1000011 5
0+
#11918750
b100 <
b100 A
1+
#11920000
0(
#11925000
0,
0+
#11930000
b100 6
b100 =
b100 B
1(
#11931250
1+
#11937500
0+
#11940000
0(
#11943750
1+
#11950000
0"
b100 7
b100 >
0+
1(
#11956250
1+
#11960000
0(
#11962500
0+
#11968750
1+
#11970000
1(
#11975000
0+
#11980000
1)
0(
#11981250
1+
#11987500
0+
#11990000
1"
b100 ;
b100 ?
b1000011 #
b1000011 :
1(
#11991000
b10000111 3
b0 0
b101 1
b1000011 J
#11993750
b100 8
b100 @
b100 C
1+
#12000000
b1000100 S
b1000100 P
0)
0+
0(
#12006250
b100 9
b100 D
1+
#12010000
1(
#12012500
b10001000 4
b1 0
b110 2
1,
b1000100 '
b1000100 5
0+
#12018750
b101 <
b101 A
1+
#12020000
0(
#12025000
0,
0+
#12030000
b101 6
b101 =
b101 B
1(
#12031250
1+
#12037500
0+
#12040000
0(
#12043750
1+
#12050000
0"
b101 7
b101 >
0+
1(
#12056250
1+
#12060000
0(
#12062500
0+
#12068750
1+
#12070000
1(
#12075000
0+
#12080000
1)
0(
#12081250
1+
#12087500
0+
#12090000
1"
b101 ;
b101 ?
b1000100 #
b1000100 :
1(
#12091000
b10001000 3
b0 0
b110 1
b1000100 J
#12093750
b101 8
b101 @
b101 C
1+
#12100000
b1000101 S
b1000101 P
0)
0+
0(
#12106250
b101 9
b101 D
1+
#12110000
1(
#12112500
b10001001 4
b1 0
b111 2
1,
b1000101 '
b1000101 5
0+
#12118750
b110 <
b110 A
1+
#12120000
0(
#12125000
0,
0+
#12130000
b110 6
b110 =
b110 B
1(
#12131250
1+
#12137500
0+
#12140000
0(
#12143750
1+
#12150000
0"
b110 7
b110 >
0+
1(
#12156250
1+
#12160000
0(
#12162500
0+
#12168750
1+
#12170000
1(
#12175000
0+
#12180000
1)
0(
#12181250
1+
#12187500
0+
#12190000
1"
b110 ;
b110 ?
b1000101 #
b1000101 :
1(
#12191000
b10001001 3
b0 0
b111 1
b1000101 J
#12193750
b110 8
b110 @
b110 C
1+
#12200000
b1000110 S
b1000110 P
0)
0+
0(
#12206250
b110 9
b110 D
1+
#12210000
1(
#12212500
b10001010 4
b1 0
b1000 2
1,
b1000110 '
b1000110 5
0+
#12218750
b111 <
b111 A
1+
#12220000
0(
#12225000
0,
0+
#12230000
b111 6
b111 =
b111 B
1(
#12231250
1+
#12237500
0+
#12240000
0(
#12243750
1+
#12250000
0"
b111 7
b111 >
0+
1(
#12256250
1+
#12260000
0(
#12262500
0+
#12268750
1+
#12270000
1(
#12275000
0+
#12280000
1)
0(
#12281250
1+
#12287500
0+
#12290000
1"
b111 ;
b111 ?
b1000110 #
b1000110 :
1(
#12291000
b10001010 3
b0 0
b1000 1
b1000110 J
#12293750
b111 8
b111 @
b111 C
1+
#12300000
b1000111 S
b1000111 P
0)
0+
0(
#12306250
b111 9
b111 D
1+
#12310000
1(
#12312500
b10001011 4
b1 0
b1001 2
1,
b1000111 '
b1000111 5
0+
#12318750
b1000 <
b1000 A
1+
#12320000
0(
#12325000
0,
0+
#12330000
b1000 6
b1000 =
b1000 B
1(
#12331250
1+
#12337500
0+
#12340000
0(
#12343750
1+
#12350000
0"
b1000 7
b1000 >
0+
1(
#12356250
1+
#12360000
0(
#12362500
0+
#12368750
1+
#12370000
1(
#12375000
0+
#12380000
1)
0(
#12381250
1+
#12387500
0+
#12390000
1"
b1000 ;
b1000 ?
b1000111 #
b1000111 :
1(
#12391000
b10001011 3
b0 0
b1001 1
b1000111 J
#12393750
b1000 8
b1000 @
b1000 C
1+
#12400000
b1001000 S
b1001000 P
0)
0+
0(
#12406250
b1000 9
b1000 D
1+
#12410000
1(
#12412500
b10001100 4
b1 0
b1010 2
1,
b1001000 '
b1001000 5
0+
#12418750
b1001 <
b1001 A
1+
#12420000
0(
#12425000
0,
0+
#12430000
b1001 6
b1001 =
b1001 B
1(
#12431250
1+
#12437500
0+
#12440000
0(
#12443750
1+
#12450000
0"
b1001 7
b1001 >
0+
1(
#12456250
1+
#12460000
0(
#12462500
0+
#12468750
1+
#12470000
1(
#12475000
0+
#12480000
1)
0(
#12481250
1+
#12487500
0+
#12490000
1"
b1001 ;
b1001 ?
b1001000 #
b1001000 :
1(
#12491000
b10001100 3
b0 0
b1010 1
b1001000 J
#12493750
b1001 8
b1001 @
b1001 C
1+
#12500000
b1001001 S
b1001001 P
0)
0+
0(
#12506250
b1001 9
b1001 D
1+
#12510000
1(
#12512500
b10001101 4
b1 0
b1011 2
1,
b1001001 '
b1001001 5
0+
#12518750
b1010 <
b1010 A
1+
#12520000
0(
#12525000
0,
0+
#12530000
b1010 6
b1010 =
b1010 B
1(
#12531250
1+
#12537500
0+
#12540000
0(
#12543750
1+
#12550000
0"
b1010 7
b1010 >
0+
1(
#12556250
1+
#12560000
0(
#12562500
0+
#12568750
1+
#12570000
1(
#12575000
0+
#12580000
1)
0(
#12581250
1+
#12587500
0+
#12590000
1"
b1010 ;
b1010 ?
b1001001 #
b1001001 :
1(
#12591000
b10001101 3
b0 0
b1011 1
b1001001 J
#12593750
b1010 8
b1010 @
b1010 C
1+
#12600000
b1001010 S
b1001010 P
0)
0+
0(
#12606250
b1010 9
b1010 D
1+
#12610000
1(
#12612500
b10001110 4
b1 0
b1100 2
1,
b1001010 '
b1001010 5
0+
#12618750
b1011 <
b1011 A
1+
#12620000
0(
#12625000
0,
0+
#12630000
b1011 6
b1011 =
b1011 B
1(
#12631250
1+
#12637500
0+
#12640000
0(
#12643750
1+
#12650000
0"
b1011 7
b1011 >
0+
1(
#12656250
1+
#12660000
0(
#12662500
0+
#12668750
1+
#12670000
1(
#12675000
0+
#12680000
1)
0(
#12681250
1+
#12687500
0+
#12690000
1"
b1011 ;
b1011 ?
b1001010 #
b1001010 :
1(
#12691000
b10001110 3
b0 0
b1100 1
b1001010 J
#12693750
b1011 8
b1011 @
b1011 C
1+
#12700000
b1001011 S
b1001011 P
0)
0+
0(
#12706250
b1011 9
b1011 D
1+
#12710000
1(
#12712500
b10001111 4
b1 0
b1101 2
1,
b1001011 '
b1001011 5
0+
#12718750
b1100 <
b1100 A
1+
#12720000
0(
#12725000
0,
0+
#12730000
b1100 6
b1100 =
b1100 B
1(
#12731250
1+
#12737500
0+
#12740000
0(
#12743750
1+
#12750000
0"
b1100 7
b1100 >
0+
1(
#12756250
1+
#12760000
0(
#12762500
0+
#12768750
1+
#12770000
1(
#12775000
0+
#12780000
1)
0(
#12781250
1+
#12787500
0+
#12790000
1"
b1100 ;
b1100 ?
b1001011 #
b1001011 :
1(
#12791000
b10001111 3
b0 0
b1101 1
b1001011 J
#12793750
b1100 8
b1100 @
b1100 C
1+
#12800000
b1001100 S
b1001100 P
0)
0+
0(
#12806250
b1100 9
b1100 D
1+
#12810000
1(
#12812500
b10010000 4
b1 0
b1110 2
1,
b1001100 '
b1001100 5
0+
#12818750
b1101 <
b1101 A
1+
#12820000
0(
#12825000
0,
0+
#12830000
b1101 6
b1101 =
b1101 B
1(
#12831250
1+
#12837500
0+
#12840000
0(
#12843750
1+
#12850000
0"
b1101 7
b1101 >
0+
1(
#12856250
1+
#12860000
0(
#12862500
0+
#12868750
1+
#12870000
1(
#12875000
0+
#12880000
1)
0(
#12881250
1+
#12887500
0+
#12890000
1"
b1101 ;
b1101 ?
b1001100 #
b1001100 :
1(
#12891000
b10010000 3
b0 0
b1110 1
b1001100 J
#12893750
b1101 8
b1101 @
b1101 C
1+
#12900000
b1001101 S
b1001101 P
0)
0+
0(
#12906250
b1101 9
b1101 D
1+
#12910000
1(
#12912500
b10010001 4
b1 0
b1111 2
1,
b1001101 '
b1001101 5
0+
#12918750
b1110 <
b1110 A
1+
#12920000
0(
#12925000
0,
0+
#12930000
b1110 6
b1110 =
b1110 B
1(
#12931250
1+
#12937500
0+
#12940000
0(
#12943750
1+
#12950000
0"
b1110 7
b1110 >
0+
1(
#12956250
1+
#12960000
0(
#12962500
0+
#12968750
1+
#12970000
1(
#12975000
0+
#12980000
1)
0(
#12981250
1+
#12987500
0+
#12990000
1"
b1110 ;
b1110 ?
b1001101 #
b1001101 :
1(
#12991000
b10010001 3
b0 0
b1111 1
b1001101 J
#12993750
b1110 8
b1110 @
b1110 C
1+
#13000000
b1001110 S
b1001110 P
0)
0+
0(
#13006250
b1110 9
b1110 D
1+
#13010000
1(
#13012500
b10010010 4
b1 0
b10000 2
1,
b1001110 '
b1001110 5
0+
#13018750
b1111 <
b1111 A
1+
#13020000
0(
#13025000
0,
0+
#13030000
b1111 6
b1111 =
b1111 B
1(
#13031250
1+
#13037500
0+
#13040000
0(
#13043750
1+
#13050000
0"
b1111 7
b1111 >
0+
1(
#13056250
1+
#13060000
0(
#13062500
0+
#13068750
1+
#13070000
1(
#13075000
0+
#13080000
1)
0(
#13081250
1+
#13087500
0+
#13090000
1"
b1111 ;
b1111 ?
b1001110 #
b1001110 :
1(
#13091000
b10010010 3
b0 0
b10000 1
b1001110 J
#13093750
b1111 8
b1111 @
b1111 C
1+
#13100000
b1001111 S
b1001111 P
0)
0+
0(
#13106250
b1111 9
b1111 D
1+
#13110000
1(
#13112500
b10010011 4
b1 0
b10001 2
1,
b1001111 '
b1001111 5
0+
#13118750
b10000 <
b10000 A
1+
#13120000
0(
#13125000
0,
0+
#13130000
b10000 6
b10000 =
b10000 B
1(
#13131250
1+
#13137500
0+
#13140000
0(
#13143750
1+
#13150000
0"
b10000 7
b10000 >
0+
1(
#13156250
1+
#13160000
0(
#13162500
0+
#13168750
1+
#13170000
1(
#13175000
0+
#13180000
1)
0(
#13181250
1+
#13187500
0+
#13190000
1"
b10000 ;
b10000 ?
b1001111 #
b1001111 :
1(
#13191000
b10010011 3
b0 0
b10001 1
b1001111 J
#13193750
b10000 8
b10000 @
b10000 C
1+
#13200000
b1010000 S
b1010000 P
0)
0+
0(
#13206250
b10000 9
b10000 D
1+
#13210000
1(
#13212500
b10010100 4
b1 0
b10010 2
1,
b1010000 '
b1010000 5
0+
#13218750
b10001 <
b10001 A
1+
#13220000
0(
#13225000
0,
0+
#13230000
b10001 6
b10001 =
b10001 B
1(
#13231250
1+
#13237500
0+
#13240000
0(
#13243750
1+
#13250000
0"
b10001 7
b10001 >
0+
1(
#13256250
1+
#13260000
0(
#13262500
0+
#13268750
1+
#13270000
1(
#13275000
0+
#13280000
1)
0(
#13281250
1+
#13287500
0+
#13290000
1"
b10001 ;
b10001 ?
b1010000 #
b1010000 :
1(
#13291000
b10010100 3
b0 0
b10010 1
b1010000 J
#13293750
b10001 8
b10001 @
b10001 C
1+
#13300000
b1010001 S
b1010001 P
0)
0+
0(
#13306250
b10001 9
b10001 D
1+
#13310000
1(
#13312500
b10010101 4
b1 0
b10011 2
1,
b1010001 '
b1010001 5
0+
#13318750
b10010 <
b10010 A
1+
#13320000
0(
#13325000
0,
0+
#13330000
b10010 6
b10010 =
b10010 B
1(
#13331250
1+
#13337500
0+
#13340000
0(
#13343750
1+
#13350000
0"
b10010 7
b10010 >
0+
1(
#13356250
1+
#13360000
0(
#13362500
0+
#13368750
1+
#13370000
1(
#13375000
0+
#13380000
1)
0(
#13381250
1+
#13387500
0+
#13390000
1"
b10010 ;
b10010 ?
b1010001 #
b1010001 :
1(
#13391000
b10010101 3
b0 0
b10011 1
b1010001 J
#13393750
b10010 8
b10010 @
b10010 C
1+
#13400000
b1010010 S
b1010010 P
0)
0+
0(
#13406250
b10010 9
b10010 D
1+
#13410000
1(
#13412500
b10010110 4
b1 0
b10100 2
1,
b1010010 '
b1010010 5
0+
#13418750
b10011 <
b10011 A
1+
#13420000
0(
#13425000
0,
0+
#13430000
b10011 6
b10011 =
b10011 B
1(
#13431250
1+
#13437500
0+
#13440000
0(
#13443750
1+
#13450000
0"
b10011 7
b10011 >
0+
1(
#13456250
1+
#13460000
0(
#13462500
0+
#13468750
1+
#13470000
1(
#13475000
0+
#13480000
1)
0(
#13481250
1+
#13487500
0+
#13490000
1"
b10011 ;
b10011 ?
b1010010 #
b1010010 :
1(
#13491000
b10010110 3
b0 0
b10100 1
b1010010 J
#13493750
b10011 8
b10011 @
b10011 C
1+
#13500000
b1010011 S
b1010011 P
0)
0+
0(
#13506250
b10011 9
b10011 D
1+
#13510000
1(
#13512500
b10010111 4
b1 0
b10101 2
1,
b1010011 '
b1010011 5
0+
#13518750
b10100 <
b10100 A
1+
#13520000
0(
#13525000
0,
0+
#13530000
b10100 6
b10100 =
b10100 B
1(
#13531250
1+
#13537500
0+
#13540000
0(
#13543750
1+
#13550000
0"
b10100 7
b10100 >
0+
1(
#13556250
1+
#13560000
0(
#13562500
0+
#13568750
1+
#13570000
1(
#13575000
0+
#13580000
1)
0(
#13581250
1+
#13587500
0+
#13590000
1"
b10100 ;
b10100 ?
b1010011 #
b1010011 :
1(
#13591000
b10010111 3
b0 0
b10101 1
b1010011 J
#13593750
b10100 8
b10100 @
b10100 C
1+
#13600000
b1010100 S
b1010100 P
0)
0+
0(
#13606250
b10100 9
b10100 D
1+
#13610000
1(
#13612500
b10011000 4
b1 0
b10110 2
1,
b1010100 '
b1010100 5
0+
#13618750
b10101 <
b10101 A
1+
#13620000
0(
#13625000
0,
0+
#13630000
b10101 6
b10101 =
b10101 B
1(
#13631250
1+
#13637500
0+
#13640000
0(
#13643750
1+
#13650000
0"
b10101 7
b10101 >
0+
1(
#13656250
1+
#13660000
0(
#13662500
0+
#13668750
1+
#13670000
1(
#13675000
0+
#13680000
1)
0(
#13681250
1+
#13687500
0+
#13690000
1"
b10101 ;
b10101 ?
b1010100 #
b1010100 :
1(
#13691000
b10011000 3
b0 0
b10110 1
b1010100 J
#13693750
b10101 8
b10101 @
b10101 C
1+
#13700000
b1010101 S
b1010101 P
0)
0+
0(
#13706250
b10101 9
b10101 D
1+
#13710000
1(
#13712500
b10011001 4
b1 0
b10111 2
1,
b1010101 '
b1010101 5
0+
#13718750
b10110 <
b10110 A
1+
#13720000
0(
#13725000
0,
0+
#13730000
b10110 6
b10110 =
b10110 B
1(
#13731250
1+
#13737500
0+
#13740000
0(
#13743750
1+
#13750000
0"
b10110 7
b10110 >
0+
1(
#13756250
1+
#13760000
0(
#13762500
0+
#13768750
1+
#13770000
1(
#13775000
0+
#13780000
1)
0(
#13781250
1+
#13787500
0+
#13790000
1"
b10110 ;
b10110 ?
b1010101 #
b1010101 :
1(
#13791000
b10011001 3
b0 0
b10111 1
b1010101 J
#13793750
b10110 8
b10110 @
b10110 C
1+
#13800000
b1010110 S
b1010110 P
0)
0+
0(
#13806250
b10110 9
b10110 D
1+
#13810000
1(
#13812500
b10011010 4
b1 0
b11000 2
1,
b1010110 '
b1010110 5
0+
#13818750
b10111 <
b10111 A
1+
#13820000
0(
#13825000
0,
0+
#13830000
b10111 6
b10111 =
b10111 B
1(
#13831250
1+
#13837500
0+
#13840000
0(
#13843750
1+
#13850000
0"
b10111 7
b10111 >
0+
1(
#13856250
1+
#13860000
0(
#13862500
0+
#13868750
1+
#13870000
1(
#13875000
0+
#13880000
1)
0(
#13881250
1+
#13887500
0+
#13890000
1"
b10111 ;
b10111 ?
b1010110 #
b1010110 :
1(
#13891000
b10011010 3
b0 0
b11000 1
b1010110 J
#13893750
b10111 8
b10111 @
b10111 C
1+
#13900000
b1010111 S
b1010111 P
0)
0+
0(
#13906250
b10111 9
b10111 D
1+
#13910000
1(
#13912500
b10011011 4
b1 0
b11001 2
1,
b1010111 '
b1010111 5
0+
#13918750
b11000 <
b11000 A
1+
#13920000
0(
#13925000
0,
0+
#13930000
b11000 6
b11000 =
b11000 B
1(
#13931250
1+
#13937500
0+
#13940000
0(
#13943750
1+
#13950000
0"
b11000 7
b11000 >
0+
1(
#13956250
1+
#13960000
0(
#13962500
0+
#13968750
1+
#13970000
1(
#13975000
0+
#13980000
1)
0(
#13981250
1+
#13987500
0+
#13990000
1"
b11000 ;
b11000 ?
b1010111 #
b1010111 :
1(
#13991000
b10011011 3
b0 0
b11001 1
b1010111 J
#13993750
b11000 8
b11000 @
b11000 C
1+
#14000000
b1011000 S
b1011000 P
0)
0+
0(
#14006250
b11000 9
b11000 D
1+
#14010000
1(
#14012500
b10011100 4
b1 0
b11010 2
1,
b1011000 '
b1011000 5
0+
#14018750
b11001 <
b11001 A
1+
#14020000
0(
#14025000
0,
0+
#14030000
b11001 6
b11001 =
b11001 B
1(
#14031250
1+
#14037500
0+
#14040000
0(
#14043750
1+
#14050000
0"
b11001 7
b11001 >
0+
1(
#14056250
1+
#14060000
0(
#14062500
0+
#14068750
1+
#14070000
1(
#14075000
0+
#14080000
1)
0(
#14081250
1+
#14087500
0+
#14090000
1"
b11001 ;
b11001 ?
b1011000 #
b1011000 :
1(
#14091000
b10011100 3
b0 0
b11010 1
b1011000 J
#14093750
b11001 8
b11001 @
b11001 C
1+
#14100000
b1011001 S
b1011001 P
0)
0+
0(
#14106250
b11001 9
b11001 D
1+
#14110000
1(
#14112500
b10011101 4
b1 0
b11011 2
1,
b1011001 '
b1011001 5
0+
#14118750
b11010 <
b11010 A
1+
#14120000
0(
#14125000
0,
0+
#14130000
b11010 6
b11010 =
b11010 B
1(
#14131250
1+
#14137500
0+
#14140000
0(
#14143750
1+
#14150000
0"
b11010 7
b11010 >
0+
1(
#14156250
1+
#14160000
0(
#14162500
0+
#14168750
1+
#14170000
1(
#14175000
0+
#14180000
1)
0(
#14181250
1+
#14187500
0+
#14190000
1"
b11010 ;
b11010 ?
b1011001 #
b1011001 :
1(
#14191000
b10011101 3
b0 0
b11011 1
b1011001 J
#14193750
b11010 8
b11010 @
b11010 C
1+
#14200000
b1011010 S
b1011010 P
0)
0+
0(
#14206250
b11010 9
b11010 D
1+
#14210000
1(
#14212500
b10011110 4
b1 0
b11100 2
1,
b1011010 '
b1011010 5
0+
#14218750
b11011 <
b11011 A
1+
#14220000
0(
#14225000
0,
0+
#14230000
b11011 6
b11011 =
b11011 B
1(
#14231250
1+
#14237500
0+
#14240000
0(
#14243750
1+
#14250000
0"
b11011 7
b11011 >
0+
1(
#14256250
1+
#14260000
0(
#14262500
0+
#14268750
1+
#14270000
1(
#14275000
0+
#14280000
1)
0(
#14281250
1+
#14287500
0+
#14290000
1"
b11011 ;
b11011 ?
b1011010 #
b1011010 :
1(
#14291000
b10011110 3
b0 0
b11100 1
b1011010 J
#14293750
b11011 8
b11011 @
b11011 C
1+
#14300000
b1011011 S
b1011011 P
0)
0+
0(
#14306250
b11011 9
b11011 D
1+
#14310000
1(
#14312500
b10011111 4
b1 0
b11101 2
1,
b1011011 '
b1011011 5
0+
#14318750
b11100 <
b11100 A
1+
#14320000
0(
#14325000
0,
0+
#14330000
b11100 6
b11100 =
b11100 B
1(
#14331250
1+
#14337500
0+
#14340000
0(
#14343750
1+
#14350000
0"
b11100 7
b11100 >
0+
1(
#14356250
1+
#14360000
0(
#14362500
0+
#14368750
1+
#14370000
1(
#14375000
0+
#14380000
1)
0(
#14381250
1+
#14387500
0+
#14390000
1"
b11100 ;
b11100 ?
b1011011 #
b1011011 :
1(
#14391000
b10011111 3
b0 0
b11101 1
b1011011 J
#14393750
b11100 8
b11100 @
b11100 C
1+
#14400000
b1011100 S
b1011100 P
0)
0+
0(
#14406250
b11100 9
b11100 D
1+
#14410000
1(
#14412500
b10100000 4
b1 0
b11110 2
1,
b1011100 '
b1011100 5
0+
#14418750
b11101 <
b11101 A
1+
#14420000
0(
#14425000
0,
0+
#14430000
b11101 6
b11101 =
b11101 B
1(
#14431250
1+
#14437500
0+
#14440000
0(
#14443750
1+
#14450000
0"
b11101 7
b11101 >
0+
1(
#14456250
1+
#14460000
0(
#14462500
0+
#14468750
1+
#14470000
1(
#14475000
0+
#14480000
1)
0(
#14481250
1+
#14487500
0+
#14490000
1"
b11101 ;
b11101 ?
b1011100 #
b1011100 :
1(
#14491000
b10100000 3
b0 0
b11110 1
b1011100 J
#14493750
b11101 8
b11101 @
b11101 C
1+
#14500000
b1011101 S
b1011101 P
0)
0+
0(
#14506250
b11101 9
b11101 D
1+
#14510000
1(
#14512500
b10100001 4
b1 0
b11111 2
1,
b1011101 '
b1011101 5
0+
#14518750
b11110 <
b11110 A
1+
#14520000
0(
#14525000
0,
0+
#14530000
b11110 6
b11110 =
b11110 B
1(
#14531250
1+
#14537500
0+
#14540000
0(
#14543750
1+
#14550000
0"
b11110 7
b11110 >
0+
1(
#14556250
1+
#14560000
0(
#14562500
0+
#14568750
1+
#14570000
1(
#14575000
0+
#14580000
1)
0(
#14581250
1+
#14587500
0+
#14590000
1"
b11110 ;
b11110 ?
b1011101 #
b1011101 :
1(
#14591000
b10100001 3
b0 0
b11111 1
b1011101 J
#14593750
b11110 8
b11110 @
b11110 C
1+
#14600000
b1011110 S
b1011110 P
0)
0+
0(
#14606250
b11110 9
b11110 D
1+
#14610000
1(
#14612500
b10100010 4
b1 0
b100000 2
1,
b1011110 '
b1011110 5
0+
#14618750
b11111 <
b11111 A
1+
#14620000
0(
#14625000
0,
0+
#14630000
b11111 6
b11111 =
b11111 B
1(
#14631250
1+
#14637500
0+
#14640000
0(
#14643750
1+
#14650000
0"
b11111 7
b11111 >
0+
1(
#14656250
1+
#14660000
0(
#14662500
0+
#14668750
1+
#14670000
1(
#14675000
0+
#14680000
1)
0(
#14681250
1+
#14687500
0+
#14690000
1"
b11111 ;
b11111 ?
b1011110 #
b1011110 :
1(
#14691000
b10100010 3
b0 0
b100000 1
b1011110 J
#14693750
b11111 8
b11111 @
b11111 C
1+
#14700000
b1011111 S
b1011111 P
0)
0+
0(
#14706250
b11111 9
b11111 D
1+
#14710000
1(
#14712500
b10100011 4
b1 0
b100001 2
1,
b1011111 '
b1011111 5
0+
#14718750
b100000 <
b100000 A
1+
#14720000
0(
#14725000
0,
0+
#14730000
b100000 6
b100000 =
b100000 B
1(
#14731250
1+
#14737500
0+
#14740000
0(
#14743750
1+
#14750000
0"
b100000 7
b100000 >
0+
1(
#14756250
1+
#14760000
0(
#14762500
0+
#14768750
1+
#14770000
1(
#14775000
0+
#14780000
1)
0(
#14781250
1+
#14787500
0+
#14790000
1"
b100000 ;
b100000 ?
b1011111 #
b1011111 :
1(
#14791000
b10100011 3
b0 0
b100001 1
b1011111 J
#14793750
b100000 8
b100000 @
b100000 C
1+
#14800000
b1100000 S
b1100000 P
0)
0+
0(
#14806250
b100000 9
b100000 D
1+
#14810000
1(
#14812500
b10100100 4
b1 0
b100010 2
1,
b1100000 '
b1100000 5
0+
#14818750
b100001 <
b100001 A
1+
#14820000
0(
#14825000
0,
0+
#14830000
b100001 6
b100001 =
b100001 B
1(
#14831250
1+
#14837500
0+
#14840000
0(
#14843750
1+
#14850000
0"
b100001 7
b100001 >
0+
1(
#14856250
1+
#14860000
0(
#14862500
0+
#14868750
1+
#14870000
1(
#14875000
0+
#14880000
1)
0(
#14881250
1+
#14887500
0+
#14890000
1"
b100001 ;
b100001 ?
b1100000 #
b1100000 :
1(
#14891000
b10100100 3
b0 0
b100010 1
b1100000 J
#14893750
b100001 8
b100001 @
b100001 C
1+
#14900000
b1100001 S
b1100001 P
0)
0+
0(
#14906250
b100001 9
b100001 D
1+
#14910000
1(
#14912500
b10100101 4
b1 0
b100011 2
1,
b1100001 '
b1100001 5
0+
#14918750
b100010 <
b100010 A
1+
#14920000
0(
#14925000
0,
0+
#14930000
b100010 6
b100010 =
b100010 B
1(
#14931250
1+
#14937500
0+
#14940000
0(
#14943750
1+
#14950000
0"
b100010 7
b100010 >
0+
1(
#14956250
1+
#14960000
0(
#14962500
0+
#14968750
1+
#14970000
1(
#14975000
0+
#14980000
1)
0(
#14981250
1+
#14987500
0+
#14990000
1"
b100010 ;
b100010 ?
b1100001 #
b1100001 :
1(
#14991000
b10100101 3
b0 0
b100011 1
b1100001 J
#14993750
b100010 8
b100010 @
b100010 C
1+
#15000000
b1100010 S
b1100010 P
0)
0+
0(
#15006250
b100010 9
b100010 D
1+
#15010000
1(
#15012500
b10100110 4
b1 0
b100100 2
1,
b1100010 '
b1100010 5
0+
#15018750
b100011 <
b100011 A
1+
#15020000
0(
#15025000
0,
0+
#15030000
b100011 6
b100011 =
b100011 B
1(
#15031250
1+
#15037500
0+
#15040000
0(
#15043750
1+
#15050000
0"
b100011 7
b100011 >
0+
1(
#15056250
1+
#15060000
0(
#15062500
0+
#15068750
1+
#15070000
1(
#15075000
0+
#15080000
1)
0(
#15081250
1+
#15087500
0+
#15090000
1"
b100011 ;
b100011 ?
b1100010 #
b1100010 :
1(
#15091000
b10100110 3
b0 0
b100100 1
b1100010 J
#15093750
b100011 8
b100011 @
b100011 C
1+
#15100000
b1100011 S
b1100011 P
0)
0+
0(
#15106250
b100011 9
b100011 D
1+
#15110000
1(
#15112500
b10100111 4
b1 0
b100101 2
1,
b1100011 '
b1100011 5
0+
#15118750
b100100 <
b100100 A
1+
#15120000
0(
#15125000
0,
0+
#15130000
b100100 6
b100100 =
b100100 B
1(
#15131250
1+
#15137500
0+
#15140000
0(
#15143750
1+
#15150000
0"
b100100 7
b100100 >
0+
1(
#15156250
1+
#15160000
0(
#15162500
0+
#15168750
1+
#15170000
1(
#15175000
0+
#15180000
1)
0(
#15181250
1+
#15187500
0+
#15190000
1"
b100100 ;
b100100 ?
b1100011 #
b1100011 :
1(
#15191000
b10100111 3
b0 0
b100101 1
b1100011 J
#15193750
b100100 8
b100100 @
b100100 C
1+
#15200000
b1100100 S
b1100100 P
0)
0+
0(
#15206250
b100100 9
b100100 D
1+
#15210000
1(
#15212500
b10101000 4
b1 0
b100110 2
1,
b1100100 '
b1100100 5
0+
#15218750
b100101 <
b100101 A
1+
#15220000
0(
#15225000
0,
0+
#15230000
b100101 6
b100101 =
b100101 B
1(
#15231250
1+
#15237500
0+
#15240000
0(
#15243750
1+
#15250000
0"
b100101 7
b100101 >
0+
1(
#15256250
1+
#15260000
0(
#15262500
0+
#15268750
1+
#15270000
1(
#15275000
0+
#15280000
1)
0(
#15281250
1+
#15287500
0+
#15290000
1"
b100101 ;
b100101 ?
b1100100 #
b1100100 :
1(
#15291000
b10101000 3
b0 0
b100110 1
b1100100 J
#15293750
b100101 8
b100101 @
b100101 C
1+
#15300000
b1100101 S
b1100101 P
0)
0+
0(
#15306250
b100101 9
b100101 D
1+
#15310000
1(
#15312500
b10101001 4
b1 0
b100111 2
1,
b1100101 '
b1100101 5
0+
#15318750
b100110 <
b100110 A
1+
#15320000
0(
#15325000
0,
0+
#15330000
b100110 6
b100110 =
b100110 B
1(
#15331250
1+
#15337500
0+
#15340000
0(
#15343750
1+
#15350000
0"
b100110 7
b100110 >
0+
1(
#15356250
1+
#15360000
0(
#15362500
0+
#15368750
1+
#15370000
1(
#15375000
0+
#15380000
1)
0(
#15381250
1+
#15387500
0+
#15390000
1"
b100110 ;
b100110 ?
b1100101 #
b1100101 :
1(
#15391000
b10101001 3
b0 0
b100111 1
b1100101 J
#15393750
b100110 8
b100110 @
b100110 C
1+
#15400000
b1100110 S
b1100110 P
0)
0+
0(
#15406250
b100110 9
b100110 D
1+
#15410000
1(
#15412500
b10101010 4
b1 0
b101000 2
1,
b1100110 '
b1100110 5
0+
#15418750
b100111 <
b100111 A
1+
#15420000
0(
#15425000
0,
0+
#15430000
b100111 6
b100111 =
b100111 B
1(
#15431250
1+
#15437500
0+
#15440000
0(
#15443750
1+
#15450000
0"
b100111 7
b100111 >
0+
1(
#15456250
1+
#15460000
0(
#15462500
0+
#15468750
1+
#15470000
1(
#15475000
0+
#15480000
1)
0(
#15481250
1+
#15487500
0+
#15490000
1"
b100111 ;
b100111 ?
b1100110 #
b1100110 :
1(
#15491000
b10101010 3
b0 0
b101000 1
b1100110 J
#15493750
b100111 8
b100111 @
b100111 C
1+
#15500000
b1100111 S
b1100111 P
0)
0+
0(
#15506250
b100111 9
b100111 D
1+
#15510000
1(
#15512500
b10101011 4
b1 0
b101001 2
1,
b1100111 '
b1100111 5
0+
#15518750
b101000 <
b101000 A
1+
#15520000
0(
#15525000
0,
0+
#15530000
b101000 6
b101000 =
b101000 B
1(
#15531250
1+
#15537500
0+
#15540000
0(
#15543750
1+
#15550000
0"
b101000 7
b101000 >
0+
1(
#15556250
1+
#15560000
0(
#15562500
0+
#15568750
1+
#15570000
1(
#15575000
0+
#15580000
1)
0(
#15581250
1+
#15587500
0+
#15590000
1"
b101000 ;
b101000 ?
b1100111 #
b1100111 :
1(
#15591000
b10101011 3
b0 0
b101001 1
b1100111 J
#15593750
b101000 8
b101000 @
b101000 C
1+
#15600000
b1101000 S
b1101000 P
0)
0+
0(
#15606250
b101000 9
b101000 D
1+
#15610000
1(
#15612500
b10101100 4
b1 0
b101010 2
1,
b1101000 '
b1101000 5
0+
#15618750
b101001 <
b101001 A
1+
#15620000
0(
#15625000
0,
0+
#15630000
b101001 6
b101001 =
b101001 B
1(
#15631250
1+
#15637500
0+
#15640000
0(
#15643750
1+
#15650000
0"
b101001 7
b101001 >
0+
1(
#15656250
1+
#15660000
0(
#15662500
0+
#15668750
1+
#15670000
1(
#15675000
0+
#15680000
1)
0(
#15681250
1+
#15687500
0+
#15690000
1"
b101001 ;
b101001 ?
b1101000 #
b1101000 :
1(
#15691000
b10101100 3
b0 0
b101010 1
b1101000 J
#15693750
b101001 8
b101001 @
b101001 C
1+
#15700000
b1101001 S
b1101001 P
0)
0+
0(
#15706250
b101001 9
b101001 D
1+
#15710000
1(
#15712500
b10101101 4
b1 0
b101011 2
1,
b1101001 '
b1101001 5
0+
#15718750
b101010 <
b101010 A
1+
#15720000
0(
#15725000
0,
0+
#15730000
b101010 6
b101010 =
b101010 B
1(
#15731250
1+
#15737500
0+
#15740000
0(
#15743750
1+
#15750000
0"
b101010 7
b101010 >
0+
1(
#15756250
1+
#15760000
0(
#15762500
0+
#15768750
1+
#15770000
1(
#15775000
0+
#15780000
1)
0(
#15781250
1+
#15787500
0+
#15790000
1"
b101010 ;
b101010 ?
b1101001 #
b1101001 :
1(
#15791000
b10101101 3
b0 0
b101011 1
b1101001 J
#15793750
b101010 8
b101010 @
b101010 C
1+
#15800000
b1101010 S
b1101010 P
0)
0+
0(
#15806250
b101010 9
b101010 D
1+
#15810000
1(
#15812500
b10101110 4
b1 0
b101100 2
1,
b1101010 '
b1101010 5
0+
#15818750
b101011 <
b101011 A
1+
#15820000
0(
#15825000
0,
0+
#15830000
b101011 6
b101011 =
b101011 B
1(
#15831250
1+
#15837500
0+
#15840000
0(
#15843750
1+
#15850000
0"
b101011 7
b101011 >
0+
1(
#15856250
1+
#15860000
0(
#15862500
0+
#15868750
1+
#15870000
1(
#15875000
0+
#15880000
1)
0(
#15881250
1+
#15887500
0+
#15890000
1"
b101011 ;
b101011 ?
b1101010 #
b1101010 :
1(
#15891000
b10101110 3
b0 0
b101100 1
b1101010 J
#15893750
b101011 8
b101011 @
b101011 C
1+
#15900000
b1101011 S
b1101011 P
0)
0+
0(
#15906250
b101011 9
b101011 D
1+
#15910000
1(
#15912500
b10101111 4
b1 0
b101101 2
1,
b1101011 '
b1101011 5
0+
#15918750
b101100 <
b101100 A
1+
#15920000
0(
#15925000
0,
0+
#15930000
b101100 6
b101100 =
b101100 B
1(
#15931250
1+
#15937500
0+
#15940000
0(
#15943750
1+
#15950000
0"
b101100 7
b101100 >
0+
1(
#15956250
1+
#15960000
0(
#15962500
0+
#15968750
1+
#15970000
1(
#15975000
0+
#15980000
1)
0(
#15981250
1+
#15987500
0+
#15990000
1"
b101100 ;
b101100 ?
b1101011 #
b1101011 :
1(
#15991000
b10101111 3
b0 0
b101101 1
b1101011 J
#15993750
b101100 8
b101100 @
b101100 C
1+
#16000000
b1101100 S
b1101100 P
0)
0+
0(
#16006250
b101100 9
b101100 D
1+
#16010000
1(
#16012500
b10110000 4
b1 0
b101110 2
1,
b1101100 '
b1101100 5
0+
#16018750
b101101 <
b101101 A
1+
#16020000
0(
#16025000
0,
0+
#16030000
b101101 6
b101101 =
b101101 B
1(
#16031250
1+
#16037500
0+
#16040000
0(
#16043750
1+
#16050000
0"
b101101 7
b101101 >
0+
1(
#16056250
1+
#16060000
0(
#16062500
0+
#16068750
1+
#16070000
1(
#16075000
0+
#16080000
1)
0(
#16081250
1+
#16087500
0+
#16090000
1"
b101101 ;
b101101 ?
b1101100 #
b1101100 :
1(
#16091000
b10110000 3
b0 0
b101110 1
b1101100 J
#16093750
b101101 8
b101101 @
b101101 C
1+
#16100000
b1101101 S
b1101101 P
0)
0+
0(
#16106250
b101101 9
b101101 D
1+
#16110000
1(
#16112500
b10110001 4
b1 0
b101111 2
1,
b1101101 '
b1101101 5
0+
#16118750
b101110 <
b101110 A
1+
#16120000
0(
#16125000
0,
0+
#16130000
b101110 6
b101110 =
b101110 B
1(
#16131250
1+
#16137500
0+
#16140000
0(
#16143750
1+
#16150000
0"
b101110 7
b101110 >
0+
1(
#16156250
1+
#16160000
0(
#16162500
0+
#16168750
1+
#16170000
1(
#16175000
0+
#16180000
1)
0(
#16181250
1+
#16187500
0+
#16190000
1"
b101110 ;
b101110 ?
b1101101 #
b1101101 :
1(
#16191000
b10110001 3
b0 0
b101111 1
b1101101 J
#16193750
b101110 8
b101110 @
b101110 C
1+
#16200000
b1101110 S
b1101110 P
0)
0+
0(
#16206250
b101110 9
b101110 D
1+
#16210000
1(
#16212500
b10110010 4
b1 0
b110000 2
1,
b1101110 '
b1101110 5
0+
#16218750
b101111 <
b101111 A
1+
#16220000
0(
#16225000
0,
0+
#16230000
b101111 6
b101111 =
b101111 B
1(
#16231250
1+
#16237500
0+
#16240000
0(
#16243750
1+
#16250000
0"
b101111 7
b101111 >
0+
1(
#16256250
1+
#16260000
0(
#16262500
0+
#16268750
1+
#16270000
1(
#16275000
0+
#16280000
1)
0(
#16281250
1+
#16287500
0+
#16290000
1"
b101111 ;
b101111 ?
b1101110 #
b1101110 :
1(
#16291000
b10110010 3
b0 0
b110000 1
b1101110 J
#16293750
b101111 8
b101111 @
b101111 C
1+
#16300000
b1101111 S
b1101111 P
0)
0+
0(
#16306250
b101111 9
b101111 D
1+
#16310000
1(
#16312500
b10110011 4
b1 0
b110001 2
1,
b1101111 '
b1101111 5
0+
#16318750
b110000 <
b110000 A
1+
#16320000
0(
#16325000
0,
0+
#16330000
b110000 6
b110000 =
b110000 B
1(
#16331250
1+
#16337500
0+
#16340000
0(
#16343750
1+
#16350000
0"
b110000 7
b110000 >
0+
1(
#16356250
1+
#16360000
0(
#16362500
0+
#16368750
1+
#16370000
1(
#16375000
0+
#16380000
1)
0(
#16381250
1+
#16387500
0+
#16390000
1"
b110000 ;
b110000 ?
b1101111 #
b1101111 :
1(
#16391000
b10110011 3
b0 0
b110001 1
b1101111 J
#16393750
b110000 8
b110000 @
b110000 C
1+
#16400000
b1110000 S
b1110000 P
0)
0+
0(
#16406250
b110000 9
b110000 D
1+
#16410000
1(
#16412500
b10110100 4
b1 0
b110010 2
1,
b1110000 '
b1110000 5
0+
#16418750
b110001 <
b110001 A
1+
#16420000
0(
#16425000
0,
0+
#16430000
b110001 6
b110001 =
b110001 B
1(
#16431250
1+
#16437500
0+
#16440000
0(
#16443750
1+
#16450000
0"
b110001 7
b110001 >
0+
1(
#16456250
1+
#16460000
0(
#16462500
0+
#16468750
1+
#16470000
1(
#16475000
0+
#16480000
1)
0(
#16481250
1+
#16487500
0+
#16490000
1"
b110001 ;
b110001 ?
b1110000 #
b1110000 :
1(
#16491000
b10110100 3
b0 0
b110010 1
b1110000 J
#16493750
b110001 8
b110001 @
b110001 C
1+
#16500000
b1110001 S
b1110001 P
0)
0+
0(
#16506250
b110001 9
b110001 D
1+
#16510000
1(
#16512500
b10110101 4
b1 0
b110011 2
1,
b1110001 '
b1110001 5
0+
#16518750
b110010 <
b110010 A
1+
#16520000
0(
#16525000
0,
0+
#16530000
b110010 6
b110010 =
b110010 B
1(
#16531250
1+
#16537500
0+
#16540000
0(
#16543750
1+
#16550000
0"
b110010 7
b110010 >
0+
1(
#16556250
1+
#16560000
0(
#16562500
0+
#16568750
1+
#16570000
1(
#16575000
0+
#16580000
1)
0(
#16581250
1+
#16587500
0+
#16590000
1"
b110010 ;
b110010 ?
b1110001 #
b1110001 :
1(
#16591000
b10110101 3
b0 0
b110011 1
b1110001 J
#16593750
b110010 8
b110010 @
b110010 C
1+
#16600000
b1110010 S
b1110010 P
0)
0+
0(
#16606250
b110010 9
b110010 D
1+
#16610000
1(
#16612500
b10110110 4
b1 0
b110100 2
1,
b1110010 '
b1110010 5
0+
#16618750
b110011 <
b110011 A
1+
#16620000
0(
#16625000
0,
0+
#16630000
b110011 6
b110011 =
b110011 B
1(
#16631250
1+
#16637500
0+
#16640000
0(
#16643750
1+
#16650000
0"
b110011 7
b110011 >
0+
1(
#16656250
1+
#16660000
0(
#16662500
0+
#16668750
1+
#16670000
1(
#16675000
0+
#16680000
1)
0(
#16681250
1+
#16687500
0+
#16690000
1"
b110011 ;
b110011 ?
b1110010 #
b1110010 :
1(
#16691000
b10110110 3
b0 0
b110100 1
b1110010 J
#16693750
b110011 8
b110011 @
b110011 C
1+
#16700000
b1110011 S
b1110011 P
0)
0+
0(
#16706250
b110011 9
b110011 D
1+
#16710000
1(
#16712500
b10110111 4
b1 0
b110101 2
1,
b1110011 '
b1110011 5
0+
#16718750
b110100 <
b110100 A
1+
#16720000
0(
#16725000
0,
0+
#16730000
b110100 6
b110100 =
b110100 B
1(
#16731250
1+
#16737500
0+
#16740000
0(
#16743750
1+
#16750000
0"
b110100 7
b110100 >
0+
1(
#16756250
1+
#16760000
0(
#16762500
0+
#16768750
1+
#16770000
1(
#16775000
0+
#16780000
1)
0(
#16781250
1+
#16787500
0+
#16790000
1"
b110100 ;
b110100 ?
b1110011 #
b1110011 :
1(
#16791000
b10110111 3
b0 0
b110101 1
b1110011 J
#16793750
b110100 8
b110100 @
b110100 C
1+
#16800000
b1110100 S
b1110100 P
0)
0+
0(
#16806250
b110100 9
b110100 D
1+
#16810000
1(
#16812500
b10111000 4
b1 0
b110110 2
1,
b1110100 '
b1110100 5
0+
#16818750
b110101 <
b110101 A
1+
#16820000
0(
#16825000
0,
0+
#16830000
b110101 6
b110101 =
b110101 B
1(
#16831250
1+
#16837500
0+
#16840000
0(
#16843750
1+
#16850000
0"
b110101 7
b110101 >
0+
1(
#16856250
1+
#16860000
0(
#16862500
0+
#16868750
1+
#16870000
1(
#16875000
0+
#16880000
1)
0(
#16881250
1+
#16887500
0+
#16890000
1"
b110101 ;
b110101 ?
b1110100 #
b1110100 :
1(
#16891000
b10111000 3
b0 0
b110110 1
b1110100 J
#16893750
b110101 8
b110101 @
b110101 C
1+
#16900000
b1110101 S
b1110101 P
0)
0+
0(
#16906250
b110101 9
b110101 D
1+
#16910000
1(
#16912500
b10111001 4
b1 0
b110111 2
1,
b1110101 '
b1110101 5
0+
#16918750
b110110 <
b110110 A
1+
#16920000
0(
#16925000
0,
0+
#16930000
b110110 6
b110110 =
b110110 B
1(
#16931250
1+
#16937500
0+
#16940000
0(
#16943750
1+
#16950000
0"
b110110 7
b110110 >
0+
1(
#16956250
1+
#16960000
0(
#16962500
0+
#16968750
1+
#16970000
1(
#16975000
0+
#16980000
1)
0(
#16981250
1+
#16987500
0+
#16990000
1"
b110110 ;
b110110 ?
b1110101 #
b1110101 :
1(
#16991000
b10111001 3
b0 0
b110111 1
b1110101 J
#16993750
b110110 8
b110110 @
b110110 C
1+
#17000000
b1110110 S
b1110110 P
0)
0+
0(
#17006250
b110110 9
b110110 D
1+
#17010000
1(
#17012500
b10111010 4
b1 0
b111000 2
1,
b1110110 '
b1110110 5
0+
#17018750
b110111 <
b110111 A
1+
#17020000
0(
#17025000
0,
0+
#17030000
b110111 6
b110111 =
b110111 B
1(
#17031250
1+
#17037500
0+
#17040000
0(
#17043750
1+
#17050000
0"
b110111 7
b110111 >
0+
1(
#17056250
1+
#17060000
0(
#17062500
0+
#17068750
1+
#17070000
1(
#17075000
0+
#17080000
1)
0(
#17081250
1+
#17087500
0+
#17090000
1"
b110111 ;
b110111 ?
b1110110 #
b1110110 :
1(
#17091000
b10111010 3
b0 0
b111000 1
b1110110 J
#17093750
b110111 8
b110111 @
b110111 C
1+
#17100000
b1110111 S
b1110111 P
0)
0+
0(
#17106250
b110111 9
b110111 D
1+
#17110000
1(
#17112500
b10111011 4
b1 0
b111001 2
1,
b1110111 '
b1110111 5
0+
#17118750
b111000 <
b111000 A
1+
#17120000
0(
#17125000
0,
0+
#17130000
b111000 6
b111000 =
b111000 B
1(
#17131250
1+
#17137500
0+
#17140000
0(
#17143750
1+
#17150000
0"
b111000 7
b111000 >
0+
1(
#17156250
1+
#17160000
0(
#17162500
0+
#17168750
1+
#17170000
1(
#17175000
0+
#17180000
1)
0(
#17181250
1+
#17187500
0+
#17190000
1"
b111000 ;
b111000 ?
b1110111 #
b1110111 :
1(
#17191000
b10111011 3
b0 0
b111001 1
b1110111 J
#17193750
b111000 8
b111000 @
b111000 C
1+
#17200000
b1111000 S
b1111000 P
0)
0+
0(
#17206250
b111000 9
b111000 D
1+
#17210000
1(
#17212500
b10111100 4
b1 0
b111010 2
1,
b1111000 '
b1111000 5
0+
#17218750
b111001 <
b111001 A
1+
#17220000
0(
#17225000
0,
0+
#17230000
b111001 6
b111001 =
b111001 B
1(
#17231250
1+
#17237500
0+
#17240000
0(
#17243750
1+
#17250000
0"
b111001 7
b111001 >
0+
1(
#17256250
1+
#17260000
0(
#17262500
0+
#17268750
1+
#17270000
1(
#17275000
0+
#17280000
1)
0(
#17281250
1+
#17287500
0+
#17290000
1"
b111001 ;
b111001 ?
b1111000 #
b1111000 :
1(
#17291000
b10111100 3
b0 0
b111010 1
b1111000 J
#17293750
b111001 8
b111001 @
b111001 C
1+
#17300000
b1111001 S
b1111001 P
0)
0+
0(
#17306250
b111001 9
b111001 D
1+
#17310000
1(
#17312500
b10111101 4
b1 0
b111011 2
1,
b1111001 '
b1111001 5
0+
#17318750
b111010 <
b111010 A
1+
#17320000
0(
#17325000
0,
0+
#17330000
b111010 6
b111010 =
b111010 B
1(
#17331250
1+
#17337500
0+
#17340000
0(
#17343750
1+
#17350000
0"
b111010 7
b111010 >
0+
1(
#17356250
1+
#17360000
0(
#17362500
0+
#17368750
1+
#17370000
1(
#17375000
0+
#17380000
1)
0(
#17381250
1+
#17387500
0+
#17390000
1"
b111010 ;
b111010 ?
b1111001 #
b1111001 :
1(
#17391000
b10111101 3
b0 0
b111011 1
b1111001 J
#17393750
b111010 8
b111010 @
b111010 C
1+
#17400000
b1111010 S
b1111010 P
0)
0+
0(
#17406250
b111010 9
b111010 D
1+
#17410000
1(
#17412500
b10111110 4
b1 0
b111100 2
1,
b1111010 '
b1111010 5
0+
#17418750
b111011 <
b111011 A
1+
#17420000
0(
#17425000
0,
0+
#17430000
b111011 6
b111011 =
b111011 B
1(
#17431250
1+
#17437500
0+
#17440000
0(
#17443750
1+
#17450000
0"
b111011 7
b111011 >
0+
1(
#17456250
1+
#17460000
0(
#17462500
0+
#17468750
1+
#17470000
1(
#17475000
0+
#17480000
1)
0(
#17481250
1+
#17487500
0+
#17490000
1"
b111011 ;
b111011 ?
b1111010 #
b1111010 :
1(
#17491000
b10111110 3
b0 0
b111100 1
b1111010 J
#17493750
b111011 8
b111011 @
b111011 C
1+
#17500000
b1111011 S
b1111011 P
0)
0+
0(
#17506250
b111011 9
b111011 D
1+
#17510000
1(
#17512500
b10111111 4
b1 0
b111101 2
1,
b1111011 '
b1111011 5
0+
#17518750
b111100 <
b111100 A
1+
#17520000
0(
#17525000
0,
0+
#17530000
b111100 6
b111100 =
b111100 B
1(
#17531250
1+
#17537500
0+
#17540000
0(
#17543750
1+
#17550000
0"
b111100 7
b111100 >
0+
1(
#17556250
1+
#17560000
0(
#17562500
0+
#17568750
1+
#17570000
1(
#17575000
0+
#17580000
1)
0(
#17581250
1+
#17587500
0+
#17590000
1"
b111100 ;
b111100 ?
b1111011 #
b1111011 :
1(
#17591000
b10111111 3
b0 0
b111101 1
b1111011 J
#17593750
b111100 8
b111100 @
b111100 C
1+
#17600000
b1111100 S
b1111100 P
0)
0+
0(
#17606250
b111100 9
b111100 D
1+
#17610000
1(
#17612500
b11000000 4
b1 0
b111110 2
1,
b1111100 '
b1111100 5
0+
#17618750
b111101 <
b111101 A
1+
#17620000
0(
#17625000
0,
0+
#17630000
b111101 6
b111101 =
b111101 B
1(
#17631250
1+
#17637500
0+
#17640000
0(
#17643750
1+
#17650000
0"
b111101 7
b111101 >
0+
1(
#17656250
1+
#17660000
0(
#17662500
0+
#17668750
1+
#17670000
1(
#17675000
0+
#17680000
1)
0(
#17681250
1+
#17687500
0+
#17690000
1"
b111101 ;
b111101 ?
b1111100 #
b1111100 :
1(
#17691000
b11000000 3
b0 0
b111110 1
b1111100 J
#17693750
b111101 8
b111101 @
b111101 C
1+
#17700000
b1111101 S
b1111101 P
0)
0+
0(
#17706250
b111101 9
b111101 D
1+
#17710000
1(
#17712500
b11000001 4
b1 0
b0 2
1,
b1111101 '
b1111101 5
0+
#17718750
b111110 <
b111110 A
1+
#17720000
0(
#17725000
0,
0+
#17730000
b111110 6
b111110 =
b111110 B
1(
#17731250
1+
#17737500
0+
#17740000
0(
#17743750
1+
#17750000
0"
b111110 7
b111110 >
0+
1(
#17756250
1+
#17760000
0(
#17762500
0+
#17768750
1+
#17770000
1(
#17775000
0+
#17780000
1)
0(
#17781250
1+
#17787500
0+
#17790000
1"
b111110 ;
b111110 ?
b1111101 #
b1111101 :
1(
#17791000
b11000001 3
b0 0
b0 1
b1111101 J
#17793750
b111110 8
b111110 @
b111110 C
1+
#17800000
b1111110 S
b1111110 P
0)
0+
0(
#17806250
b111110 9
b111110 D
1+
#17810000
1(
#17812500
b11000010 4
b1 0
b1 2
1,
b1111110 '
b1111110 5
0+
#17818750
b111111 <
b111111 A
1+
#17820000
0(
#17825000
0,
0+
#17830000
b111111 6
b111111 =
b111111 B
1(
#17831250
1+
#17837500
0+
#17840000
0(
#17843750
1+
#17850000
0"
b111111 7
b111111 >
0+
1(
#17856250
1+
#17860000
0(
#17862500
0+
#17868750
1+
#17870000
1(
#17875000
0+
#17880000
1)
0(
#17881250
1+
#17887500
0+
#17890000
1"
b111111 ;
b111111 ?
b1111110 #
b1111110 :
1(
#17891000
b11000010 3
b0 0
b1 1
b1111110 J
#17893750
b111111 8
b111111 @
b111111 C
1+
#17900000
b1111111 S
b1111111 P
0)
0+
0(
#17906250
b111111 9
b111111 D
1+
#17910000
1(
#17912500
b11000011 4
b1 0
b10 2
1,
b1111111 '
b1111111 5
0+
#17918750
b0 <
b0 A
1+
#17920000
0(
#17925000
0,
0+
#17930000
b0 6
b0 =
b0 B
1(
#17931250
1+
#17937500
0+
#17940000
0(
#17943750
1+
#17950000
0"
b0 7
b0 >
0+
1(
#17956250
1+
#17960000
0(
#17962500
0+
#17968750
1+
#17970000
1(
#17975000
0+
#17980000
1)
0(
#17981250
1+
#17987500
0+
#17990000
1"
b0 ;
b0 ?
b1111111 #
b1111111 :
1(
#17991000
b11000011 3
b0 0
b10 1
b1111111 J
#17993750
b0 8
b0 @
b0 C
1+
#18000000
b10000000 S
b10000000 P
0)
0+
0(
#18006250
b0 9
b0 D
1+
#18010000
1(
#18012500
b11000100 4
b1 0
b11 2
1,
b10000000 '
b10000000 5
0+
#18018750
b1 <
b1 A
1+
#18020000
0(
#18025000
0,
0+
#18030000
b1 6
b1 =
b1 B
1(
#18031250
1+
#18037500
0+
#18040000
0(
#18043750
1+
#18050000
0"
b1 7
b1 >
0+
1(
#18056250
1+
#18060000
0(
#18062500
0+
#18068750
1+
#18070000
1(
#18075000
0+
#18080000
1)
0(
#18081250
1+
#18087500
0+
#18090000
1"
b1 ;
b1 ?
b10000000 #
b10000000 :
1(
#18091000
b11000100 3
b0 0
b11 1
b10000000 J
#18093750
b1 8
b1 @
b1 C
1+
#18100000
b10000001 S
b10000001 P
0)
0+
0(
#18106250
b1 9
b1 D
1+
#18110000
1(
#18112500
b11000101 4
b1 0
b100 2
1,
b10000001 '
b10000001 5
0+
#18118750
b10 <
b10 A
1+
#18120000
0(
#18125000
0,
0+
#18130000
b10 6
b10 =
b10 B
1(
#18131250
1+
#18137500
0+
#18140000
0(
#18143750
1+
#18150000
0"
b10 7
b10 >
0+
1(
#18156250
1+
#18160000
0(
#18162500
0+
#18168750
1+
#18170000
1(
#18175000
0+
#18180000
1)
0(
#18181250
1+
#18187500
0+
#18190000
1"
b10 ;
b10 ?
b10000001 #
b10000001 :
1(
#18191000
b11000101 3
b0 0
b100 1
b10000001 J
#18193750
b10 8
b10 @
b10 C
1+
#18200000
b0 ;
b0 ?
b0 7
b0 >
b0 6
b0 =
b0 B
b0 <
b0 A
b0 9
b0 D
b0 8
b0 @
b0 C
b111111 /
b0 1
b0 2
0*
0-
b0 '
b0 5
b10000010 P
0)
0+
0(
#18206250
1+
#18210000
1(
#18212500
0+
#18218750
1+
#18220000
0(
#18225000
0+
#18230000
1(
#18231250
1+
#18237500
0+
#18240000
0(
#18243750
1+
#18250000
0+
1(
#18256250
1+
#18260000
0(
#18262500
0+
#18268750
1+
#18270000
1(
#18275000
0+
#18280000
0(
#18281250
1+
#18287500
0+
#18290000
1(
#18293750
1+
#18300000
0+
0(
#18306250
1+
#18310000
1(
#18312500
0+
#18318750
1+
#18320000
0(
#18325000
0+
#18330000
1(
#18331250
1+
#18337500
0+
#18340000
0(
#18343750
1+
#18350000
1*
1-
0+
1(
#18356250
1+
#18360000
0(
#18362500
0+
#18368750
1+
#18370000
1(
#18375000
0+
#18380000
0(
#18381250
1+
#18387500
0+
#18390000
1(
#18393750
1+
#18400000
0+
0(
#18406250
1+
#18410000
1(
#18412500
0+
#18418750
1+
#18420000
0(
#18425000
0+
#18430000
b10000000 S
b0 K
1(
#18431250
1+
#18437500
b11000110 4
b1 0
b1 2
1,
b10000000 '
b10000000 5
0+
#18440000
0(
#18443750
b1 <
b1 A
1+
#18450000
b1 6
b1 =
b1 B
b10000001 S
b1 K
0,
0+
1(
#18456250
1+
#18460000
0(
#18462500
b11000111 4
b10 0
b10 2
1,
b10000001 '
b10000001 5
0+
#18468750
b10 <
b10 A
1+
#18470000
0"
b1 7
b1 >
b10 6
b10 =
b10 B
1(
#18475000
b10000010 S
b10 K
0,
0+
#18480000
0(
#18481250
1+
#18487500
b11001000 4
b11 0
b11 2
1,
b10000010 '
b10000010 5
0+
#18490000
b10 7
b10 >
1(
#18493750
b11 <
b11 A
1+
#18500000
b10000011 S
b11 K
0,
0+
0(
#18506250
1+
#18510000
b11 6
b11 =
b11 B
1(
#18512500
b11001001 4
b100 0
b100 2
1,
b10000011 '
b10000011 5
0+
#18518750
b100 <
b100 A
1+
#18520000
0(
#18525000
b10000100 S
b100 K
0,
0+
#18530000
b100 6
b100 =
b100 B
b11 7
b11 >
1(
#18531250
1+
#18537500
b11001010 4
b101 0
b101 2
1,
b10000100 '
b10000100 5
0+
#18540000
0(
#18543750
b101 <
b101 A
1+
#18550000
b100 7
b100 >
b101 6
b101 =
b101 B
b10000101 S
b101 K
0,
0+
1(
#18556250
1+
#18560000
0(
#18562500
b11001011 4
b110 0
b110 2
1,
b10000101 '
b10000101 5
0+
#18568750
b110 <
b110 A
1+
#18570000
b110 6
b110 =
b110 B
b101 7
b101 >
1(
#18575000
b10000110 S
b110 K
0,
0+
#18580000
0(
#18581250
1+
#18587500
b11001100 4
b111 0
b111 2
1,
b10000110 '
b10000110 5
0+
#18590000
b110 7
b110 >
1(
#18593750
b111 <
b111 A
1+
#18600000
b10000111 S
b111 K
0,
0+
0(
#18606250
1+
#18610000
b111 6
b111 =
b111 B
1(
#18612500
b11001101 4
b1000 0
b1000 2
1,
b10000111 '
b10000111 5
0+
#18618750
b1000 <
b1000 A
1+
#18620000
0(
#18625000
b10001000 S
b1000 K
0,
0+
#18630000
b111 7
b111 >
b1000 6
b1000 =
b1000 B
1(
#18631250
1+
#18637500
b11001110 4
b1001 0
b1001 2
1,
b10001000 '
b10001000 5
0+
#18640000
0(
#18643750
b1001 <
b1001 A
1+
#18650000
b1001 6
b1001 =
b1001 B
b1000 7
b1000 >
b10001001 S
b1001 K
0,
0+
1(
#18656250
1+
#18660000
0(
#18662500
b11001111 4
b1010 0
b1010 2
1,
b10001001 '
b10001001 5
0+
#18668750
b1010 <
b1010 A
1+
#18670000
b1001 7
b1001 >
b1010 6
b1010 =
b1010 B
1(
#18675000
b10001010 S
b1010 K
0,
0+
#18680000
0(
#18681250
1+
#18687500
b11010000 4
b1011 0
b1011 2
1,
b10001010 '
b10001010 5
0+
#18690000
b1010 7
b1010 >
1(
#18693750
b1011 <
b1011 A
1+
#18700000
b10001011 S
b1011 K
0,
0+
0(
#18706250
1+
#18710000
b1011 6
b1011 =
b1011 B
1(
#18712500
b11010001 4
b1100 0
b1100 2
1,
b10001011 '
b10001011 5
0+
#18718750
b1100 <
b1100 A
1+
#18720000
0(
#18725000
b10001100 S
b1100 K
0,
0+
#18730000
b1100 6
b1100 =
b1100 B
b1011 7
b1011 >
1(
#18731250
1+
#18737500
b11010010 4
b1101 0
b1101 2
1,
b10001100 '
b10001100 5
0+
#18740000
0(
#18743750
b1101 <
b1101 A
1+
#18750000
b1100 7
b1100 >
b1101 6
b1101 =
b1101 B
b10001101 S
b1101 K
0,
0+
1(
#18756250
1+
#18760000
0(
#18762500
b11010011 4
b1110 0
b1110 2
1,
b10001101 '
b10001101 5
0+
#18768750
b1110 <
b1110 A
1+
#18770000
b1110 6
b1110 =
b1110 B
b1101 7
b1101 >
1(
#18775000
b10001110 S
b1110 K
0,
0+
#18780000
0(
#18781250
1+
#18787500
b11010100 4
b1111 0
b1111 2
1,
b10001110 '
b10001110 5
0+
#18790000
b1110 7
b1110 >
1(
#18793750
b1111 <
b1111 A
1+
#18800000
b10001111 S
b1111 K
0,
0+
0(
#18806250
1+
#18810000
b1111 6
b1111 =
b1111 B
1(
#18812500
b11010101 4
b10000 0
b10000 2
1,
b10001111 '
b10001111 5
0+
#18818750
b10000 <
b10000 A
1+
#18820000
0(
#18825000
b10010000 S
b10000 K
0,
0+
#18830000
b1111 7
b1111 >
b10000 6
b10000 =
b10000 B
1(
#18831250
1+
#18837500
b11010110 4
b10001 0
b10001 2
1,
b10010000 '
b10010000 5
0+
#18840000
0(
#18843750
b10001 <
b10001 A
1+
#18850000
b10001 6
b10001 =
b10001 B
b10000 7
b10000 >
b10010001 S
b10001 K
0,
0+
1(
#18856250
1+
#18860000
0(
#18862500
b11010111 4
b10010 0
b10010 2
1,
b10010001 '
b10010001 5
0+
#18868750
b10010 <
b10010 A
1+
#18870000
b10001 7
b10001 >
b10010 6
b10010 =
b10010 B
1(
#18875000
b10010010 S
b10010 K
0,
0+
#18880000
0(
#18881250
1+
#18887500
b11011000 4
b10011 0
b10011 2
1,
b10010010 '
b10010010 5
0+
#18890000
b10010 7
b10010 >
1(
#18893750
b10011 <
b10011 A
1+
#18900000
b10010011 S
b10011 K
0,
0+
0(
#18906250
1+
#18910000
b10011 6
b10011 =
b10011 B
1(
#18912500
b11011001 4
b10100 0
b10100 2
1,
b10010011 '
b10010011 5
0+
#18918750
b10100 <
b10100 A
1+
#18920000
0(
#18925000
b10010100 S
b10100 K
0,
0+
#18930000
b10100 6
b10100 =
b10100 B
b10011 7
b10011 >
1(
#18931250
1+
#18937500
b11011010 4
b10101 0
b10101 2
1,
b10010100 '
b10010100 5
0+
#18940000
0(
#18943750
b10101 <
b10101 A
1+
#18950000
b10100 7
b10100 >
b10101 6
b10101 =
b10101 B
b10010101 S
b10101 K
0,
0+
1(
#18956250
1+
#18960000
0(
#18962500
b11011011 4
b10110 0
b10110 2
1,
b10010101 '
b10010101 5
0+
#18968750
b10110 <
b10110 A
1+
#18970000
b10110 6
b10110 =
b10110 B
b10101 7
b10101 >
1(
#18975000
b10010110 S
b10110 K
0,
0+
#18980000
0(
#18981250
1+
#18987500
b11011100 4
b10111 0
b10111 2
1,
b10010110 '
b10010110 5
0+
#18990000
b10110 7
b10110 >
1(
#18993750
b10111 <
b10111 A
1+
#19000000
b10010111 S
b10111 K
0,
0+
0(
#19006250
1+
#19010000
b10111 6
b10111 =
b10111 B
1(
#19012500
b11011101 4
b11000 0
b11000 2
1,
b10010111 '
b10010111 5
0+
#19018750
b11000 <
b11000 A
1+
#19020000
0(
#19025000
b10011000 S
b11000 K
0,
0+
#19030000
b10111 7
b10111 >
b11000 6
b11000 =
b11000 B
1(
#19031250
1+
#19037500
b11011110 4
b11001 0
b11001 2
1,
b10011000 '
b10011000 5
0+
#19040000
0(
#19043750
b11001 <
b11001 A
1+
#19050000
b11001 6
b11001 =
b11001 B
b11000 7
b11000 >
b10011001 S
b11001 K
0,
0+
1(
#19056250
1+
#19060000
0(
#19062500
b11011111 4
b11010 0
b11010 2
1,
b10011001 '
b10011001 5
0+
#19068750
b11010 <
b11010 A
1+
#19070000
b11001 7
b11001 >
b11010 6
b11010 =
b11010 B
1(
#19075000
b10011010 S
b11010 K
0,
0+
#19080000
0(
#19081250
1+
#19087500
b11100000 4
b11011 0
b11011 2
1,
b10011010 '
b10011010 5
0+
#19090000
b11010 7
b11010 >
1(
#19093750
b11011 <
b11011 A
1+
#19100000
b10011011 S
b11011 K
0,
0+
0(
#19106250
1+
#19110000
b11011 6
b11011 =
b11011 B
1(
#19112500
b11100001 4
b11100 0
b11100 2
1,
b10011011 '
b10011011 5
0+
#19118750
b11100 <
b11100 A
1+
#19120000
0(
#19125000
b10011100 S
b11100 K
0,
0+
#19130000
b11100 6
b11100 =
b11100 B
b11011 7
b11011 >
1(
#19131250
1+
#19137500
b11100010 4
b11101 0
b11101 2
1,
b10011100 '
b10011100 5
0+
#19140000
0(
#19143750
b11101 <
b11101 A
1+
#19150000
b11100 7
b11100 >
b11101 6
b11101 =
b11101 B
b10011101 S
b11101 K
0,
0+
1(
#19156250
1+
#19160000
0(
#19162500
b11100011 4
b11110 0
b11110 2
1,
b10011101 '
b10011101 5
0+
#19168750
b11110 <
b11110 A
1+
#19170000
b11110 6
b11110 =
b11110 B
b11101 7
b11101 >
1(
#19175000
b11110 K
0,
0+
#19180000
0(
#19181250
1+
#19187500
0+
#19190000
b11110 7
b11110 >
1(
#19193750
1+
#19200000
0+
0(
#19206250
1+
#19210000
1(
#19212500
0+
#19218750
1+
#19220000
0(
#19225000
0+
#19230000
1(
#19231250
1+
#19237500
0+
#19240000
0(
#19243750
1+
#19250000
b0 K
0+
1(
#19256250
1+
#19260000
1)
0(
#19262500
0+
#19268750
1+
#19270000
b1 ;
b1 ?
b10000000 #
b10000000 :
1(
#19271000
b11000110 3
b11101 0
b1 1
b10000000 J
#19275000
0+
#19280000
b1 K
0)
0(
#19281250
b1 8
b1 @
b1 C
1+
#19287500
0+
#19290000
1(
#19293750
b1 9
b1 D
1+
#19300000
1)
0+
0(
#19306250
1+
#19310000
b10 ;
b10 ?
b10000001 #
b10000001 :
1(
#19311000
b11000111 3
b11100 0
b10 1
b10000001 J
#19312500
0+
#19318750
b10 8
b10 @
b10 C
1+
#19320000
b10 K
0)
0(
#19325000
0+
#19330000
1(
#19331250
b10 9
b10 D
1+
#19337500
0+
#19340000
1)
0(
#19343750
1+
#19350000
b11 ;
b11 ?
b10000010 #
b10000010 :
0+
1(
#19351000
b11001000 3
b11011 0
b11 1
b10000010 J
#19356250
b11 8
b11 @
b11 C
1+
#19360000
b11 K
0)
0(
#19362500
0+
#19368750
b11 9
b11 D
1+
#19370000
1(
#19375000
0+
#19380000
1)
0(
#19381250
1+
#19387500
0+
#19390000
b100 ;
b100 ?
b10000011 #
b10000011 :
1(
#19391000
b11001001 3
b11010 0
b100 1
b10000011 J
#19393750
b100 8
b100 @
b100 C
1+
#19400000
b100 K
0)
0+
0(
#19406250
b100 9
b100 D
1+
#19410000
1(
#19412500
0+
#19418750
1+
#19420000
1)
0(
#19425000
0+
#19430000
b101 ;
b101 ?
b10000100 #
b10000100 :
1(
#19431000
b11001010 3
b11001 0
b101 1
b10000100 J
#19431250
b101 8
b101 @
b101 C
1+
#19437500
0+
#19440000
b101 K
0)
0(
#19443750
b101 9
b101 D
1+
#19450000
0+
1(
#19456250
1+
#19460000
1)
0(
#19462500
0+
#19468750
1+
#19470000
b110 ;
b110 ?
b10000101 #
b10000101 :
1(
#19471000
b11001011 3
b11000 0
b110 1
b10000101 J
#19475000
0+
#19480000
b110 K
0)
0(
#19481250
b110 8
b110 @
b110 C
1+
#19487500
0+
#19490000
1(
#19493750
b110 9
b110 D
1+
#19500000
1)
0+
0(
#19506250
1+
#19510000
b111 ;
b111 ?
b10000110 #
b10000110 :
1(
#19511000
b11001100 3
b10111 0
b111 1
b10000110 J
#19512500
0+
#19518750
b111 8
b111 @
b111 C
1+
#19520000
b111 K
0)
0(
#19525000
0+
#19530000
1(
#19531250
b111 9
b111 D
1+
#19537500
0+
#19540000
1)
0(
#19543750
1+
#19550000
b1000 ;
b1000 ?
b10000111 #
b10000111 :
0+
1(
#19551000
b11001101 3
b10110 0
b1000 1
b10000111 J
#19556250
b1000 8
b1000 @
b1000 C
1+
#19560000
b1000 K
0)
0(
#19562500
0+
#19568750
b1000 9
b1000 D
1+
#19570000
1(
#19575000
0+
#19580000
1)
0(
#19581250
1+
#19587500
0+
#19590000
b1001 ;
b1001 ?
b10001000 #
b10001000 :
1(
#19591000
b11001110 3
b10101 0
b1001 1
b10001000 J
#19593750
b1001 8
b1001 @
b1001 C
1+
#19600000
b1001 K
0)
0+
0(
#19606250
b1001 9
b1001 D
1+
#19610000
1(
#19612500
0+
#19618750
1+
#19620000
1)
0(
#19625000
0+
#19630000
b1010 ;
b1010 ?
b10001001 #
b10001001 :
1(
#19631000
b11001111 3
b10100 0
b1010 1
b10001001 J
#19631250
b1010 8
b1010 @
b1010 C
1+
#19637500
0+
#19640000
b1010 K
0)
0(
#19643750
b1010 9
b1010 D
1+
#19650000
0+
1(
#19656250
1+
#19660000
1)
0(
#19662500
0+
#19668750
1+
#19670000
b1011 ;
b1011 ?
b10001010 #
b10001010 :
1(
#19671000
b11010000 3
b10011 0
b1011 1
b10001010 J
#19675000
0+
#19680000
b1011 K
0)
0(
#19681250
b1011 8
b1011 @
b1011 C
1+
#19687500
0+
#19690000
1(
#19693750
b1011 9
b1011 D
1+
#19700000
1)
0+
0(
#19706250
1+
#19710000
b1100 ;
b1100 ?
b10001011 #
b10001011 :
1(
#19711000
b11010001 3
b10010 0
b1100 1
b10001011 J
#19712500
0+
#19718750
b1100 8
b1100 @
b1100 C
1+
#19720000
b1100 K
0)
0(
#19725000
0+
#19730000
1(
#19731250
b1100 9
b1100 D
1+
#19737500
0+
#19740000
1)
0(
#19743750
1+
#19750000
b1101 ;
b1101 ?
b10001100 #
b10001100 :
0+
1(
#19751000
b11010010 3
b10001 0
b1101 1
b10001100 J
#19756250
b1101 8
b1101 @
b1101 C
1+
#19760000
b1101 K
0)
0(
#19762500
0+
#19768750
b1101 9
b1101 D
1+
#19770000
1(
#19775000
0+
#19780000
1)
0(
#19781250
1+
#19787500
0+
#19790000
b1110 ;
b1110 ?
b10001101 #
b10001101 :
1(
#19791000
b11010011 3
b10000 0
b1110 1
b10001101 J
#19793750
b1110 8
b1110 @
b1110 C
1+
#19800000
b1110 K
0)
0+
0(
#19806250
b1110 9
b1110 D
1+
#19810000
1(
#19812500
0+
#19818750
1+
#19820000
1)
0(
#19825000
0+
#19830000
b1111 ;
b1111 ?
b10001110 #
b10001110 :
1(
#19831000
b11010100 3
b1111 0
b1111 1
b10001110 J
#19831250
b1111 8
b1111 @
b1111 C
1+
#19837500
0+
#19840000
b1111 K
0)
0(
#19843750
b1111 9
b1111 D
1+
#19850000
0+
1(
#19856250
1+
#19860000
1)
0(
#19862500
0+
#19868750
1+
#19870000
b10000 ;
b10000 ?
b10001111 #
b10001111 :
1(
#19871000
b11010101 3
b1110 0
b10000 1
b10001111 J
#19875000
0+
#19880000
b10000 K
0)
0(
#19881250
b10000 8
b10000 @
b10000 C
1+
#19887500
0+
#19890000
1(
#19893750
b10000 9
b10000 D
1+
#19900000
1)
0+
0(
#19906250
1+
#19910000
b10001 ;
b10001 ?
b10010000 #
b10010000 :
1(
#19911000
b11010110 3
b1101 0
b10001 1
b10010000 J
#19912500
0+
#19918750
b10001 8
b10001 @
b10001 C
1+
#19920000
b10001 K
0)
0(
#19925000
0+
#19930000
1(
#19931250
b10001 9
b10001 D
1+
#19937500
0+
#19940000
1)
0(
#19943750
1+
#19950000
b10010 ;
b10010 ?
b10010001 #
b10010001 :
0+
1(
#19951000
b11010111 3
b1100 0
b10010 1
b10010001 J
#19956250
b10010 8
b10010 @
b10010 C
1+
#19960000
b10010 K
0)
0(
#19962500
0+
#19968750
b10010 9
b10010 D
1+
#19970000
1(
#19975000
0+
#19980000
1)
0(
#19981250
1+
#19987500
0+
#19990000
b10011 ;
b10011 ?
b10010010 #
b10010010 :
1(
#19991000
b11011000 3
b1011 0
b10011 1
b10010010 J
#19993750
b10011 8
b10011 @
b10011 C
1+
#20000000
b10011 K
0)
0+
0(
#20006250
b10011 9
b10011 D
1+
#20010000
1(
#20012500
0+
#20018750
1+
#20020000
1)
0(
#20025000
0+
#20030000
b10100 ;
b10100 ?
b10010011 #
b10010011 :
1(
#20031000
b11011001 3
b1010 0
b10100 1
b10010011 J
#20031250
b10100 8
b10100 @
b10100 C
1+
#20037500
0+
#20040000
b10100 K
0)
0(
#20043750
b10100 9
b10100 D
1+
#20050000
0+
1(
#20056250
1+
#20060000
1)
0(
#20062500
0+
#20068750
1+
#20070000
b10101 ;
b10101 ?
b10010100 #
b10010100 :
1(
#20071000
b11011010 3
b1001 0
b10101 1
b10010100 J
#20075000
0+
#20080000
b10101 K
0)
0(
#20081250
b10101 8
b10101 @
b10101 C
1+
#20087500
0+
#20090000
1(
#20093750
b10101 9
b10101 D
1+
#20100000
1)
0+
0(
#20106250
1+
#20110000
b10110 ;
b10110 ?
b10010101 #
b10010101 :
1(
#20111000
b11011011 3
b1000 0
b10110 1
b10010101 J
#20112500
0+
#20118750
b10110 8
b10110 @
b10110 C
1+
#20120000
b10110 K
0)
0(
#20125000
0+
#20130000
1(
#20131250
b10110 9
b10110 D
1+
#20137500
0+
#20140000
1)
0(
#20143750
1+
#20150000
b10111 ;
b10111 ?
b10010110 #
b10010110 :
0+
1(
#20151000
b11011100 3
b111 0
b10111 1
b10010110 J
#20156250
b10111 8
b10111 @
b10111 C
1+
#20160000
b10111 K
0)
0(
#20162500
0+
#20168750
b10111 9
b10111 D
1+
#20170000
1(
#20175000
0+
#20180000
1)
0(
#20181250
1+
#20187500
0+
#20190000
b11000 ;
b11000 ?
b10010111 #
b10010111 :
1(
#20191000
b11011101 3
b110 0
b11000 1
b10010111 J
#20193750
b11000 8
b11000 @
b11000 C
1+
#20200000
b11000 K
0)
0+
0(
#20206250
b11000 9
b11000 D
1+
#20210000
1(
#20212500
0+
#20218750
1+
#20220000
1)
0(
#20225000
0+
#20230000
b11001 ;
b11001 ?
b10011000 #
b10011000 :
1(
#20231000
b11011110 3
b101 0
b11001 1
b10011000 J
#20231250
b11001 8
b11001 @
b11001 C
1+
#20237500
0+
#20240000
b11001 K
0)
0(
#20243750
b11001 9
b11001 D
1+
#20250000
0+
1(
#20256250
1+
#20260000
1)
0(
#20262500
0+
#20268750
1+
#20270000
b11010 ;
b11010 ?
b10011001 #
b10011001 :
1(
#20271000
b11011111 3
b100 0
b11010 1
b10011001 J
#20275000
0+
#20280000
b11010 K
0)
0(
#20281250
b11010 8
b11010 @
b11010 C
1+
#20287500
0+
#20290000
1(
#20293750
b11010 9
b11010 D
1+
#20300000
1)
0+
0(
#20306250
1+
#20310000
b11011 ;
b11011 ?
b10011010 #
b10011010 :
1(
#20311000
b11100000 3
b11 0
b11011 1
b10011010 J
#20312500
0+
#20318750
b11011 8
b11011 @
b11011 C
1+
#20320000
b11011 K
0)
0(
#20325000
0+
#20330000
1(
#20331250
b11011 9
b11011 D
1+
#20337500
0+
#20340000
1)
0(
#20343750
1+
#20350000
b11100 ;
b11100 ?
b10011011 #
b10011011 :
0+
1(
#20351000
b11100001 3
b10 0
b11100 1
b10011011 J
#20356250
b11100 8
b11100 @
b11100 C
1+
#20360000
b11100 K
0)
0(
#20362500
0+
#20368750
b11100 9
b11100 D
1+
#20370000
1(
#20375000
0+
#20380000
1)
0(
#20381250
1+
#20387500
0+
#20390000
b11101 ;
b11101 ?
b10011100 #
b10011100 :
1(
#20391000
b11100010 3
b1 0
b11101 1
b10011100 J
#20393750
b11101 8
b11101 @
b11101 C
1+
#20400000
b11101 K
0)
0+
0(
#20406250
b11101 9
b11101 D
1+
#20410000
1(
#20412500
0+
#20418750
1+
#20420000
1)
0(
#20425000
0+
#20430000
1"
b11110 ;
b11110 ?
b10011101 #
b10011101 :
1(
#20431000
b11100011 3
b0 0
b11110 1
b10011101 J
#20431250
b11110 8
b11110 @
b11110 C
1+
#20437500
0+
#20440000
b0 6
b0 =
b0 B
b0 7
b0 >
b0 ;
b0 ?
b0 <
b0 A
b0 9
b0 D
b0 8
b0 @
b0 C
b111111 /
b0 1
b0 2
0*
0-
b0 '
b0 5
b11110 K
0)
0(
#20443750
1+
#20450000
0+
1(
#20456250
1+
#20460000
0(
#20462500
0+
#20468750
1+
#20470000
1(
#20475000
0+
#20480000
0(
#20481250
1+
#20487500
0+
#20490000
1(
#20493750
1+
#20500000
0+
0(
#20506250
1+
#20510000
1(
#20512500
0+
#20518750
1+
#20520000
0(
#20525000
0+
#20530000
1(
#20531250
1+
#20537500
0+
#20540000
0(
#20543750
1+
#20550000
0+
1(
#20556250
1+
#20560000
0(
#20562500
0+
#20568750
1+
#20570000
1(
#20575000
0+
#20580000
0(
#20581250
1+
#20587500
0+
#20590000
1*
1-
1(
#20593750
1+
#20600000
0+
0(
#20606250
1+
#20610000
1(
#20612500
0+
#20618750
1+
#20620000
0(
#20625000
0+
#20630000
1(
#20631250
1+
#20637500
0+
#20640000
0(
#20643750
1+
#20650000
0+
1(
#20656250
1+
#20660000
0(
#20662500
0+
#20668750
1+
#20670000
b0 H
b0 F
1(
#20675000
b11100100 4
b1 0
b1 2
1,
b10000001 '
b10000001 5
b10010000101010011010100100100 I
0+
#20680000
b10000100100001001101011000001001 G
0(
#20681250
b1 <
b1 A
b1 H
1+
#20687500
b11100101 4
b10 0
b10 2
b1101 '
b1101 5
b10110001111100000101011001100011 I
0+
#20690000
b1 6
b1 =
b1 B
1(
#20693750
b10 <
b10 A
b10 H
1+
#20700000
b11100110 4
b11 0
b11 2
b1100101 '
b1100101 5
b1000110110111111001100110001101 I
b1 F
0+
0(
#20706250
b11 <
b11 A
b11 H
1+
#20710000
0"
b11 6
b11 =
b11 B
b1 7
b1 >
1(
#20712500
b11100111 4
b100 0
b100 2
b1 '
b1 5
b10001001001101110101001000010010 I
0+
#20718750
b100 <
b100 A
b100 H
1+
#20720000
1)
b110110101111100110100001101 G
0(
#20725000
b11101000 4
b101 0
b101 2
b111101 '
b111101 5
b111011001000111111000101110110 I
0+
#20730000
b1 ;
b1 ?
b10000001 #
b10000001 :
b11 7
b11 >
b100 6
b100 =
b100 B
1(
#20731000
b11100100 3
b100 0
b1 1
b10000001 E
#20731250
b101 <
b101 A
b1 8
b1 @
b1 C
b101 H
1+
#20737500
b11101001 4
b101 0
b110 2
b10001100 '
b10001100 5
b1110110110101000101011111101101 I
0+
#20740000
b10 F
0)
0(
#20743750
b1 9
b1 D
b110 <
b110 A
b110 H
1+
#20750000
b110 6
b110 =
b110 B
b100 7
b100 >
0,
b1111100111111011110100111111001 I
0+
1(
#20756250
b111 H
1+
#20760000
b11100011001101110010010011000110 G
0(
#20762500
b11100010111101111000010011000101 I
0+
#20768750
b1000 H
1+
#20770000
b110 7
b110 >
1(
#20775000
b11010101000100111101001010101010 I
0+
#20780000
b11 F
0(
#20781250
b1001 H
1+
#20787500
b1110010101011111111011111100101 I
0+
#20790000
1(
#20793750
b1010 H
1+
#20800000
b11101010 4
b110 0
b111 2
1,
b10001111 '
b10001111 5
b10001001001100101101011000010010 I
1)
b10111011110100100111001001110111 G
0+
0(
#20806250
b111 <
b111 A
b1011 H
1+
#20810000
b10 ;
b10 ?
b1101 #
b1101 :
b111 6
b111 =
b111 B
1(
#20811000
b11100101 3
b101 0
b10 1
b1101 E
#20812500
0,
b1111001001100000110100111110010 I
0+
#20818750
b10 8
b10 @
b10 C
b1100 H
1+
#20820000
b100 F
0)
0(
#20825000
b11101011 4
b110 0
b1000 2
1,
b11101000 '
b11101000 5
b11100111011101101001011011001110 I
0+
#20830000
b111 7
b111 >
1(
#20831250
b1000 <
b1000 A
b10 9
b10 D
b1101 H
1+
#20837500
b11101100 4
b111 0
b1001 2
b1011100 '
b1011100 5
b11100010110010100100111011000101 I
0+
#20840000
1)
b11011110100011100010100010111101 G
0(
#20843750
b1001 <
b1001 A
b1110 H
1+
#20850000
b11 ;
b11 ?
b1100101 #
b1100101 :
b1001 6
b1001 =
b1001 B
0,
b10010110101010110101100000101101 I
0+
1(
#20851000
b11100110 3
b110 0
b11 1
b1100101 E
#20856250
b11 8
b11 @
b11 C
b1111 H
1+
#20860000
b101 F
0)
0(
#20862500
b11101101 4
b111 0
b1010 2
1,
b1100011 '
b1100011 5
b10110010101001110010011001100101 I
0+
#20868750
b11 9
b11 D
b1010 <
b1010 A
b10000 H
1+
#20870000
b1010 6
b1010 =
b1010 B
b1001 7
b1001 >
1(
#20875000
0,
b101011100111000011100001010 I
0+
#20880000
b11000000001110110010001010000000 G
0(
#20881250
b10001 H
1+
#20887500
b11101110 4
b1000 0
b1011 2
1,
b10101010 '
b10101010 5
b10000011001000010000100100000 I
0+
#20890000
b1010 7
b1010 >
1(
#20893750
b1011 <
b1011 A
b10010 H
1+
#20900000
0,
b11001110110011001100110010011101 I
b110 F
0+
0(
#20906250
b10011 H
1+
#20910000
b1011 6
b1011 =
b1011 B
1(
#20912500
b11001011001000000011111010010110 I
0+
#20918750
b10100 H
1+
#20920000
b10001001100000111011100000010011 G
0(
#20925000
b11101111 4
b1001 0
b1100 2
1,
b1010011 '
b1010011 5
b10000110101111000011100000001101 I
0+
#20930000
b1011 7
b1011 >
1(
#20931250
b1100 <
b1100 A
b10101 H
1+
#20937500
b11110000 4
b1010 0
b1101 2
b11010101 '
b11010101 5
b110101100111111101110101101011 I
0+
#20940000
b111 F
0(
#20943750
b1101 <
b1101 A
b10110 H
1+
#20950000
b1101 6
b1101 =
b1101 B
b11110001 4
b1011 0
b1110 2
b10101110 '
b10101110 5
b10000001000101110100101000000010 I
0+
1(
#20956250
b1110 <
b1110 A
b10111 H
1+
#20960000
b1110111111111110100100011101 G
0(
#20962500
b11110010 4
b1100 0
b1111 2
b100011 '
b100011 5
b11100111110001010111001011001111 I
0+
#20968750
b1111 <
b1111 A
b11000 H
1+
#20970000
b1101 7
b1101 >
b1111 6
b1111 =
b1111 B
1(
#20975000
0,
b101000010010110010100001010 I
0+
#20980000
b1000 F
0(
#20981250
b11001 H
1+
#20987500
b11110011 4
b1101 0
b10000 2
1,
b111100 '
b111100 5
b11100101011100110000101011001010 I
0+
#20990000
b1111 7
b1111 >
1(
#20993750
b10000 <
b10000 A
b11010 H
1+
#21000000
b11110100 4
b1110 0
b10001 2
b1000001 '
b1000001 5
b1000101001011100110000110001010 I
1)
b1111001011010001011110111110010 G
0+
0(
#21006250
b10001 <
b10001 A
b11011 H
1+
#21010000
b100 ;
b100 ?
b1 #
b1 :
b10001 6
b10001 =
b10001 B
1(
#21011000
b11100111 3
b1101 0
b100 1
b1 E
#21012500
0,
b11101100010010110011010011011000 I
0+
#21018750
b100 8
b100 @
b100 C
b11100 H
1+
#21020000
b1001 F
0)
0(
#21025000
b11110101 4
b1110 0
b10010 2
1,
b10001001 '
b10001001 5
b111100001000001111001101111000 I
0+
#21030000
b10001 7
b10001 >
1(
#21031250
b10010 <
b10010 A
b100 9
b100 D
b11101 H
1+
#21037500
b11110110 4
b1111 0
b10011 2
b10110110 '
b10110110 5
b1110101110001010000110111101011 I
0+
#21040000
1)
b1100011010010111111100111000110 G
0(
#21043750
b10011 <
b10011 A
b11110 H
1+
#21050000
b101 ;
b101 ?
b111101 #
b111101 :
b10011 6
b10011 =
b10011 B
0,
b1010111000101010001001110101110 I
0+
1(
#21051000
b11101000 3
b1110 0
b101 1
b111101 E
#21056250
b101 8
b101 @
b101 C
b11111 H
1+
#21060000
b1010 F
0)
0(
#21062500
b11110111 4
b1111 0
b10100 2
1,
b101010 '
b101010 5
b11011110011101010000001010111100 I
0+
#21068750
b101 9
b101 D
b10100 <
b10100 A
b100000 H
1+
#21070000
b10100 6
b10100 =
b10100 B
b10011 7
b10011 >
1(
#21075000
0,
b10000101110101111001101000001011 I
0+
#21080000
1)
b10111000100101111011111001110001 G
0(
#21081250
b100001 H
1+
#21087500
b11111000 4
b10000 0
b10101 2
1,
b1001111 '
b1001111 5
b1000010111100100100000110000101 I
0+
#21090000
b110 ;
b110 ?
b10001100 #
b10001100 :
b10100 7
b10100 >
1(
#21091000
b11101001 3
b1111 0
b110 1
b10001100 E
#21093750
b110 8
b110 @
b110 C
b10101 <
b10101 A
b100010 H
1+
#21100000
b11111001 4
b10000 0
b10110 2
b111010 '
b111010 5
b10011101110011000110000000111011 I
b1011 F
0)
0+
0(
#21106250
b10110 <
b10110 A
b110 9
b110 D
b100011 H
1+
#21110000
b10110 6
b10110 =
b10110 B
1(
#21112500
b11111010 4
b10001 0
b10111 2
b10101 '
b10101 5
b10111111001000110011001001111110 I
0+
#21118750
b10111 <
b10111 A
b100100 H
1+
#21120000
1)
b1111000110110011001101111110001 G
0(
#21125000
b11111011 4
b10010 0
b11000 2
b1100010 '
b1100010 5
b1101100100111000100101111011001 I
0+
#21130000
b111 ;
b111 ?
b10001111 #
b10001111 :
b10110 7
b10110 >
b10111 6
b10111 =
b10111 B
1(
#21131000
b11101010 3
b10001 0
b111 1
b10001111 E
#21131250
b11000 <
b11000 A
b111 8
b111 @
b111 C
b100101 H
1+
#21137500
b11111100 4
b10010 0
b11001 2
b10011111 '
b10011111 5
b100110001101011111101101001100 I
0+
#21140000
b1100 F
0)
0(
#21143750
b111 9
b111 D
b11001 <
b11001 A
b100110 H
1+
#21150000
b11001 6
b11001 =
b11001 B
b10111 7
b10111 >
b11111101 4
b10011 0
b11010 2
b11111000 '
b11111000 5
b1000111101110011010000110001111 I
0+
1(
#21156250
b11010 <
b11010 A
b100111 H
1+
#21160000
1)
b11011011110011010110000010110111 G
0(
#21162500
b11111110 4
b10100 0
b11011 2
b1011100 '
b1011100 5
b11001111110001000101011010011111 I
0+
#21168750
b11011 <
b11011 A
b101000 H
1+
#21170000
b1000 ;
b1000 ?
b11101000 #
b11101000 :
b11001 7
b11001 >
b11011 6
b11011 =
b11011 B
1(
#21171000
b11101011 3
b10011 0
b1000 1
b11101000 E
#21175000
0,
b10101101110010111100000001011011 I
0+
#21180000
b1101 F
0)
0(
#21181250
b1000 8
b1000 @
b1000 C
b101001 H
1+
#21187500
b1000100110111100011011110001001 I
0+
#21190000
b11011 7
b11011 >
1(
#21193750
b1000 9
b1000 D
b101010 H
1+
#21200000
b11111111 4
b10100 0
b11100 2
1,
b11010111 '
b11010111 5
b11101000001000110011111011010000 I
1)
b10100100101011100011001001001001 G
0+
0(
#21206250
b11100 <
b11100 A
b101011 H
1+
#21210000
b1001 ;
b1001 ?
b1011100 #
b1011100 :
b11100 6
b11100 =
b11100 B
1(
#21211000
b11101100 3
b10011 0
b1001 1
b1011100 E
#21212500
b100000000 4
b10100 0
b11101 2
b10010110 '
b10010110 5
b10101000110001111111110001010001 I
0+
#21218750
b1001 8
b1001 @
b1001 C
b11101 <
b11101 A
b101100 H
1+
#21220000
b1110 F
0)
0(
#21225000
b100000001 4
b10101 0
b11110 2
b11000010 '
b11000010 5
b110000111010111111100001100 I
0+
#21230000
b11101 6
b11101 =
b11101 B
b11100 7
b11100 >
1(
#21231250
b11110 <
b11110 A
b1001 9
b1001 D
b101101 H
1+
#21237500
b100000010 4
b10110 0
b11111 2
b1110111 '
b1110111 5
b1100100010101111110110111001000 I
0+
#21240000
1)
b11110111100101110110100111101 G
0(
#21243750
b11111 <
b11111 A
b101110 H
1+
#21250000
b1010 ;
b1010 ?
b1100011 #
b1100011 :
b11101 7
b11101 >
b11111 6
b11111 =
b11111 B
b100000011 4
b10111 0
b100000 2
b1111110 '
b1111110 5
b1001000011001101101100010010 I
0+
1(
#21251000
b11101101 3
b10110 0
b1010 1
b1100011 E
#21256250
b100000 <
b100000 A
b1010 8
b1010 @
b1010 C
b101111 H
1+
#21260000
b1111 F
0)
0(
#21262500
b100000100 4
b10111 0
b100001 2
b111001 '
b111001 5
b110110111001011000000101101101 I
0+
#21268750
b1010 9
b1010 D
b100001 <
b100001 A
b110000 H
1+
#21270000
b100001 6
b100001 =
b100001 B
b11111 7
b11111 >
1(
#21275000
b100000101 4
b11000 0
b100010 2
b11010011 '
b11010011 5
b1111110100101000111100011111 I
0+
#21280000
1)
b1000010110110010010111110000101 G
0(
#21281250
b100010 <
b100010 A
b110001 H
1+
#21287500
b100000110 4
b11001 0
b100011 2
b1011011 '
b1011011 5
b10111100000101001000100001111000 I
0+
#21290000
b1011 ;
b1011 ?
b10101010 #
b10101010 :
b100001 7
b100001 >
b100010 6
b100010 =
b100010 B
1(
#21291000
b11101110 3
b11000 0
b1011 1
b10101010 E
#21293750
b1011 8
b1011 @
b1011 C
b100011 <
b100011 A
b110010 H
1+
#21300000
b100000111 4
b11001 0
b100100 2
b111111 '
b111111 5
b100100100010110100101101001001 I
b10000 F
0)
0+
0(
#21306250
b100100 <
b100100 A
b1011 9
b1011 D
b110011 H
1+
#21310000
b100100 6
b100100 =
b100100 B
b100010 7
b100010 >
1(
#21312500
b100001000 4
b11010 0
b100101 2
b1011000 '
b1011000 5
b10101000011001010111100101010 I
0+
#21318750
b100101 <
b100101 A
b110100 H
1+
#21320000
1)
b11000011001111110011100010000110 G
0(
#21325000
b100001001 4
b11011 0
b100110 2
b10011100 '
b10011100 5
b11000111000110100000110010001110 I
0+
#21330000
b1100 ;
b1100 ?
b1010011 #
b1010011 :
b100100 7
b100100 >
b100101 6
b100101 =
b100101 B
1(
#21331000
b11101111 3
b11010 0
b1100 1
b1010011 E
#21331250
b100110 <
b100110 A
b1100 8
b1100 @
b1100 C
b110101 H
1+
#21337500
b100001010 4
b11011 0
b100111 2
b100110 '
b100110 5
b1111101001101011001100111111010 I
0+
#21340000
b10001 F
0)
0(
#21343750
b1100 9
b1100 D
b100111 <
b100111 A
b110110 H
1+
#21350000
b100111 6
b100111 =
b100111 B
b100101 7
b100101 >
b100001011 4
b11100 0
b101000 2
b10100011 '
b10100011 5
b111001100101100001011101110011 I
0+
1(
#21356250
b101000 <
b101000 A
b110111 H
1+
#21360000
1)
b10010111100110011010100000101111 G
0(
#21362500
b100001100 4
b11101 0
b101001 2
b1011111 '
b1011111 5
b11011001110100101001001010110011 I
0+
#21368750
b101001 <
b101001 A
b111000 H
1+
#21370000
b1101 ;
b1101 ?
b11010101 #
b11010101 :
b100111 7
b100111 >
b101001 6
b101001 =
b101001 B
1(
#21371000
b11110000 3
b11100 0
b1101 1
b11010101 E
#21375000
b100001101 4
b11101 0
b101010 2
b11110111 '
b11110111 5
b100010001010010000110101000100 I
0+
#21380000
b10010 F
0)
0(
#21381250
b101010 <
b101010 A
b1101 8
b1101 @
b1101 C
b111001 H
1+
#21387500
b100001110 4
b11110 0
b101011 2
b11100110 '
b11100110 5
b11100101100110110011011011001011 I
0+
#21390000
b101010 6
b101010 =
b101010 B
b101001 7
b101001 >
1(
#21393750
b1101 9
b1101 D
b101011 <
b101011 A
b111010 H
1+
#21400000
b100001111 4
b11111 0
b101100 2
b11101101 '
b11101101 5
b10100110011111100000100101001 I
1)
b101101001010001101101101011010 G
0+
0(
#21406250
b101100 <
b101100 A
b111011 H
1+
#21410000
b1110 ;
b1110 ?
b10101110 #
b10101110 :
b101010 7
b101010 >
b101100 6
b101100 =
b101100 B
1(
#21411000
b11110001 3
b11110 0
b1110 1
b10101110 E
#21412500
b100010000 4
b11111 0
b101101 2
b1100101 '
b1100101 5
b11101101010100110110110011011010 I
0+
#21418750
b1110 8
b1110 @
b1110 C
b101101 <
b101101 A
b111100 H
1+
#21420000
b10011 F
0)
0(
#21425000
b100010001 4
b100000 0
b101110 2
b11011111 '
b11011111 5
b11011010100010101110001010110101 I
0+
#21430000
b101101 6
b101101 =
b101101 B
b101100 7
b101100 >
1(
#21431250
b101110 <
b101110 A
b1110 9
b1110 D
b111101 H
1+
#21437500
b100010010 4
b100001 0
b101111 2
b1000100 '
b1000100 5
b111100111100010001100101111001 I
0+
#21440000
1)
b11101000011101000000110011010000 G
0(
#21443750
b101111 <
b101111 A
b111110 H
1+
#21450000
b1111 ;
b1111 ?
b100011 #
b100011 :
b101101 7
b101101 >
b101111 6
b101111 =
b101111 B
b100010011 4
b100010 0
b110000 2
b10101011 '
b10101011 5
b10101000010010000101100101010 I
0+
1(
#21451000
b11110010 3
b100001 0
b1111 1
b100011 E
#21456250
b110000 <
b110000 A
b1111 8
b1111 @
b1111 C
b111111 H
1+
#21460000
b10100 F
0)
0(
#21462500
b100010100 4
b100010 0
b110001 2
b11011100 '
b11011100 5
b111011011111100111100001110 I
0+
#21468750
b1111 9
b1111 D
b110001 <
b110001 A
b1000000 H
1+
#21470000
b110001 6
b110001 =
b110001 B
b101111 7
b101111 >
1(
#21475000
b100010101 4
b100011 0
b110010 2
b11111101 '
b11111101 5
b11001101010111101011110010011010 I
0+
#21480000
1)
b11100001111100010000001011000011 G
0(
#21481250
b110010 <
b110010 A
b1000001 H
1+
#21487500
b100010110 4
b100100 0
b110011 2
b1001110 '
b1001110 5
b101011000011101110110101010110 I
0+
#21490000
b10000 ;
b10000 ?
b111100 #
b111100 :
b110001 7
b110001 >
b110010 6
b110010 =
b110010 B
1(
#21491000
b11110011 3
b100011 0
b10000 1
b111100 E
#21493750
b10000 8
b10000 @
b10000 C
b110011 <
b110011 A
b1000010 H
1+
#21500000
b100010111 4
b100100 0
b110100 2
b1010 '
b1010 5
b10110011110110010111011001100111 I
b10101 F
0)
0+
0(
#21506250
b110100 <
b110100 A
b10000 9
b10000 D
b1000011 H
1+
#21510000
b110100 6
b110100 =
b110100 B
b110010 7
b110010 >
1(
#21512500
0,
b1011011011011111011100110110110 I
0+
#21518750
b1000100 H
1+
#21520000
1)
b10011100000011101000101000111000 G
0(
#21525000
b111100110100011000011101111001 I
0+
#21530000
b10001 ;
b10001 ?
b1000001 #
b1000001 :
b110100 7
b110100 >
1(
#21531000
b11110100 3
b100011 0
b10001 1
b1000001 E
#21531250
b10001 8
b10001 @
b10001 C
b1000101 H
1+
#21537500
b11011100001010111100010010111000 I
0+
#21540000
b10110 F
0)
0(
#21543750
b10001 9
b10001 D
b1000110 H
1+
#21550000
b100011000 4
b100100 0
b110101 2
1,
b10010011 '
b10010011 5
b1001010011101001011111110010100 I
0+
1(
#21556250
b110101 <
b110101 A
b1000111 H
1+
#21560000
b10000010001111110010110000000100 G
0(
#21562500
b100011001 4
b100101 0
b110110 2
b11011011 '
b11011011 5
b10101100101101111100101001011001 I
0+
#21568750
b110110 <
b110110 A
b1001000 H
1+
#21570000
b110110 6
b110110 =
b110110 B
1(
#21575000
b100011010 4
b100110 0
b110111 2
b11011001 '
b11011001 5
b10100110111111001101111001001101 I
0+
#21580000
b10111 F
0(
#21581250
b110111 <
b110111 A
b1001001 H
1+
#21587500
b100011011 4
b100111 0
b111000 2
b1110110 '
b1110110 5
b10110110101001000010011001101101 I
0+
#21590000
b110111 6
b110111 =
b110111 B
b110110 7
b110110 >
1(
#21593750
b111000 <
b111000 A
b1001010 H
1+
#21600000
0,
b1011011000101110010110110110110 I
1)
b1100101001110110100100111001010 G
0+
0(
#21606250
b1001011 H
1+
#21610000
b10010 ;
b10010 ?
b10001001 #
b10001001 :
b110111 7
b110111 >
b111000 6
b111000 =
b111000 B
1(
#21611000
b11110101 3
b100110 0
b10010 1
b10001001 E
#21612500
b100011100 4
b100111 0
b111001 2
1,
b1000110 '
b1000110 5
b1001010100100110111000110010101 I
0+
#21618750
b10010 8
b10010 @
b10010 C
b111001 <
b111001 A
b1001100 H
1+
#21620000
b11000 F
0)
0(
#21625000
0,
b10011101001001101100000100 I
0+
#21630000
b111001 6
b111001 =
b111001 B
b111000 7
b111000 >
1(
#21631250
b10010 9
b10010 D
b1001101 H
1+
#21637500
b100011101 4
b101000 0
b111010 2
1,
b1101001 '
b1101001 5
b1111011110100100110000111110111 I
0+
#21640000
1)
b11011010011011101011101010110100 G
0(
#21643750
b111010 <
b111010 A
b1001110 H
1+
#21650000
b10011 ;
b10011 ?
b10110110 #
b10110110 :
b111001 7
b111001 >
b111010 6
b111010 =
b111010 B
b100011110 4
b101001 0
b111011 2
b101000 '
b101000 5
b1000100000000011000110110001000 I
0+
1(
#21651000
b11110110 3
b101000 0
b10011 1
b10110110 E
#21656250
b111011 <
b111011 A
b10011 8
b10011 @
b10011 C
b1001111 H
1+
#21660000
b11001 F
0)
0(
#21662500
b100011111 4
b101001 0
b111100 2
b11000111 '
b11000111 5
b10010110100100000000010000101101 I
0+
#21668750
b10011 9
b10011 D
b111100 <
b111100 A
b1010000 H
1+
#21670000
b111100 6
b111100 =
b111100 B
b111010 7
b111010 >
1(
#21675000
0,
b10010111010111001001110000101110 I
0+
#21680000
1)
b10000100011101111110010000001000 G
0(
#21681250
b1010001 H
1+
#21687500
b100100000 4
b101010 0
b111101 2
1,
b11111101 '
b11111101 5
b1110010000010100010100011100 I
0+
#21690000
b10100 ;
b10100 ?
b101010 #
b101010 :
b111100 7
b111100 >
1(
#21691000
b11110111 3
b101001 0
b10100 1
b101010 E
#21693750
b10100 8
b10100 @
b10100 C
b111101 <
b111101 A
b1010010 H
1+
#21700000
b100100001 4
b101010 0
b111110 2
b11100 '
b11100 5
b10100100111100000011100101001 I
b11010 F
0)
0+
0(
#21706250
b111110 <
b111110 A
b10100 9
b10100 D
b1010011 H
1+
#21710000
b111110 6
b111110 =
b111110 B
1(
#21712500
0,
b1000011001101010110011110000110 I
0+
#21718750
b1010100 H
1+
#21720000
b11101101001101000000100011011010 G
0(
#21725000
b100100010 4
b101011 0
b0 2
1,
b1100110 '
b1100110 5
b10011110101101111100011000111101 I
0+
#21730000
b111110 7
b111110 >
1(
#21731250
b111111 <
b111111 A
b1010101 H
1+
#21737500
b100100011 4
b101100 0
b1 2
b1110011 '
b1110011 5
b10111000010101011100010001110000 I
0+
#21740000
b11011 F
0(
#21743750
b0 <
b0 A
b1010110 H
1+
#21750000
b0 6
b0 =
b0 B
b100100100 4
b101101 0
b10 2
b1011110 '
b1011110 5
b1011101011100011001100110111010 I
0+
1(
#21756250
b1 <
b1 A
b1010111 H
1+
#21760000
b1111101010001110111100111111010 G
0(
#21762500
b100100101 4
b101110 0
b11 2
b11010 '
b11010 5
b1101010100011100000010111010101 I
0+
#21768750
b10 <
b10 A
b1011000 H
1+
#21770000
b0 7
b0 >
b10 6
b10 =
b10 B
1(
#21775000
b100100110 4
b101111 0
b100 2
b110111 '
b110111 5
b11011100111100000000000010111001 I
0+
#21780000
b11100 F
0(
#21781250
b11 <
b11 A
b1011001 H
1+
#21787500
b100100111 4
b110000 0
b101 2
b11000000 '
b11000000 5
b1001011001001110011011110010110 I
0+
#21790000
b11 6
b11 =
b11 B
b10 7
b10 >
1(
#21793750
b100 <
b100 A
b1011010 H
1+
#21800000
b100101000 4
b110001 0
b110 2
b1111101 '
b1111101 5
b11011011010001100001101010110110 I
b10011001001011001111100100110 G
0+
0(
#21806250
b101 <
b101 A
b1011011 H
1+
#21810000
b11 7
b11 >
b101 6
b101 =
b101 B
1(
#21812500
b100101001 4
b110010 0
b111 2
b10000110 '
b10000110 5
b1101110010111110000111111011100 I
0+
#21818750
b110 <
b110 A
b1011100 H
1+
#21820000
b11101 F
0(
#21825000
0,
b111100000000111111111101111000 I
0+
#21830000
b110 6
b110 =
b110 B
b101 7
b101 >
1(
#21831250
b1011101 H
1+
#21837500
b100101010 4
b110011 0
b1000 2
1,
b11011011 '
b11011011 5
b111111010110101001101101111110 I
0+
#21840000
b11100111110000111011011011001111 G
0(
#21843750
b111 <
b111 A
b1011110 H
1+
#21850000
b110 7
b110 >
b111 6
b111 =
b111 B
b100101011 4
b110100 0
b1001 2
b11111010 '
b11111010 5
b111100111011010010101101111001 I
0+
1(
#21856250
b1000 <
b1000 A
b1011111 H
1+
#21860000
b11110 F
0(
#21862500
0,
b10110000101111001110111001100001 I
0+
#21868750
b1100000 H
1+
#21870000
b1000 6
b1000 =
b1000 B
b111 7
b111 >
1(
#21875000
b100101100 4
b110101 0
b1010 2
1,
b10100001 '
b10100001 5
b1011100101000000100100010111 I
0+
#21880000
1)
b1000011011101111001000110000110 G
0(
#21881250
b1001 <
b1001 A
b1100001 H
1+
#21887500
b100101101 4
b110110 0
b1011 2
b11110101 '
b11110101 5
b10101000011000111001011001010000 I
0+
#21890000
b10101 ;
b10101 ?
b1001111 #
b1001111 :
b1000 7
b1000 >
b1001 6
b1001 =
b1001 B
1(
#21891000
b11111000 3
b110101 0
b10101 1
b1001111 E
#21893750
b10101 8
b10101 @
b10101 C
b1010 <
b1010 A
b1100010 H
1+
#21900000
0,
b10011010101101001000100000110101 I
b11111 F
0)
0+
0(
#21906250
b10101 9
b10101 D
b1100011 H
1+
#21910000
b1010 6
b1010 =
b1010 B
b1001 7
b1001 >
1(
#21912500
b100101110 4
b110110 0
b1100 2
1,
b11000001 '
b11000001 5
b10010100100110101000101000101001 I
0+
#21918750
b1011 <
b1011 A
b1100100 H
1+
#21920000
1)
b11100010111001010111010011000101 G
0(
#21925000
b100101111 4
b110111 0
b1101 2
b1001011 '
b1001011 5
b11001100000000011011010010011000 I
0+
#21930000
b10110 ;
b10110 ?
b111010 #
b111010 :
b1010 7
b1010 >
b1011 6
b1011 =
b1011 B
1(
#21931000
b11111001 3
b110110 0
b10110 1
b111010 E
#21931250
b1100 <
b1100 A
b10110 8
b10110 @
b10110 C
b1100101 H
1+
#21937500
0,
b10111001100011000100001001110011 I
0+
#21940000
b100000 F
0)
0(
#21943750
b10110 9
b10110 D
b1100110 H
1+
#21950000
b1100 6
b1100 =
b1100 B
b1011 7
b1011 >
b100110000 4
b110111 0
b1110 2
1,
b10001010 '
b10001010 5
b11110110001000101110011011101100 I
0+
1(
#21956250
b1101 <
b1101 A
b1100111 H
1+
#21960000
b100111010110001101000101001110 G
0(
#21962500
0,
b11010100010010111000000010101000 I
0+
#21968750
b1101000 H
1+
#21970000
b1100 7
b1100 >
b1101 6
b1101 =
b1101 B
1(
#21975000
b1010100100111101111110110101001 I
0+
#21980000
b100001 F
0(
#21981250
b1101001 H
1+
#21987500
b11010000110010101000110010100001 I
0+
#21990000
b1101 7
b1101 >
1(
#21993750
b1101010 H
1+
#22000000
b11110011001101000110011011100110 I
b111000010111011100100001110 G
0+
0(
#22006250
b1101011 H
1+
#22010000
1(
#22012500
b11001111110101101100000010011111 I
0+
#22018750
b1101100 H
1+
#22020000
b100010 F
0(
#22025000
b100110001 4
b111000 0
b1111 2
1,
b101010 '
b101010 5
b10101001011111011010100101010 I
0+
#22030000
1(
#22031250
b1110 <
b1110 A
b1101101 H
1+
#22037500
b100110010 4
b111001 0
b10000 2
b10011110 '
b10011110 5
b11000110101101011111010010001101 I
0+
#22040000
1)
b10011100011011011110011000111000 G
0(
#22043750
b1111 <
b1111 A
b1101110 H
1+
#22050000
b10111 ;
b10111 ?
b10101 #
b10101 :
b1111 6
b1111 =
b1111 B
b100110011 4
b111010 0
b10001 2
b11001000 '
b11001000 5
b10111100110011111010100001111001 I
0+
1(
#22051000
b11111010 3
b111001 0
b10111 1
b10101 E
#22056250
b10000 <
b10000 A
b10111 8
b10111 @
b10111 C
b1101111 H
1+
#22060000
b100011 F
0)
0(
#22062500
b100110100 4
b111010 0
b10010 2
b10011 '
b10011 5
b1100101001000110100010111001010 I
0+
#22068750
b10111 9
b10111 D
b10001 <
b10001 A
b1110000 H
1+
#22070000
b10001 6
b10001 =
b10001 B
b1111 7
b1111 >
1(
#22075000
0,
b110101101000001100100101101011 I
0+
#22080000
1)
b11100011101101111010111011000111 G
0(
#22081250
b1110001 H
1+
#22087500
b100110101 4
b111011 0
b10011 2
1,
b10111010 '
b10111010 5
b1011011000010111101110110110110 I
0+
#22090000
b11000 ;
b11000 ?
b1100010 #
b1100010 :
b10001 7
b10001 >
1(
#22091000
b11111011 3
b111010 0
b11000 1
b1100010 E
#22093750
b11000 8
b11000 @
b11000 C
b10010 <
b10010 A
b1110010 H
1+
#22100000
b100110110 4
b111011 0
b10100 2
b10111001 '
b10111001 5
b1100010000101101010101111000100 I
b100100 F
0)
0+
0(
#22106250
b10011 <
b10011 A
b11000 9
b11000 D
b1110011 H
1+
#22110000
b10011 6
b10011 =
b10011 B
1(
#22112500
b100110111 4
b111100 0
b10101 2
b10110100 '
b10110100 5
b1001001001011111101001110010010 I
0+
#22118750
b10100 <
b10100 A
b1110100 H
1+
#22120000
b111111101110110011101101111111 G
0(
#22125000
b100111000 4
b111101 0
b10110 2
b11111010 '
b11111010 5
b11000011001100111001000010000110 I
0+
#22130000
b10011 7
b10011 >
b10100 6
b10100 =
b10100 B
1(
#22131250
b10101 <
b10101 A
b1110101 H
1+
#22137500
0,
b11111001001001111001010011110010 I
0+
#22140000
b100101 F
0(
#22143750
b1110110 H
1+
#22150000
b10101 6
b10101 =
b10101 B
b10100 7
b10100 >
b11001010001010010000100110010 I
0+
1(
#22156250
b1110111 H
1+
#22160000
b11011110110011100101111010111101 G
0(
#22162500
b100111001 4
b111110 0
b10111 2
1,
b11100100 '
b11100100 5
b1000010010011111100110110000100 I
0+
#22168750
b10110 <
b10110 A
b1111000 H
1+
#22170000
b10101 7
b10101 >
b10110 6
b10110 =
b10110 B
1(
#22175000
b100111010 4
b111111 0
b11000 2
b10101001 '
b10101001 5
b1100101010000111100111111001010 I
0+
#22180000
b100110 F
0(
#22181250
1!
b10111 <
b10111 A
b1111001 H
1+
#22187500
0,
b11010000100101011010100010100001 I
0+
#22190000
b10111 6
b10111 =
b10111 B
b10110 7
b10110 >
1(
#22193750
b1111010 H
1+
#22200000
b11111101100010110110101011111011 I
b1000111011001011010100110001110 G
0+
0(
#22206250
b1111011 H
1+
#22210000
b10111 7
b10111 >
1(
#22212500
b10000101111001010001111000001011 I
0+
#22218750
b1111100 H
1+
#22220000
b100111 F
0(
#22225000
b11110111100000101001000011101111 I
0+
#22230000
1(
#22231250
b1111101 H
1+
#22237500
b1100100110010000011110111001001 I
0+
#22240000
b11011011000001110010100110110 G
0(
#22243750
b1111110 H
1+
#22250000
b10111010101100010100100001110101 I
0+
1(
#22256250
b1111111 H
1+
#22260000
b101000 F
0(
#22262500
b11000111111010000101011010001111 I
0+
#22268750
b10000000 H
1+
#22270000
1(
#22275000
b110101110011011011111101101011 I
0+
#22280000
b1000100011001011110011110001000 G
0(
#22281250
b10000001 H
1+
#22287500
b11010111001111111011010010101110 I
0+
#22290000
1(
#22293750
b10000010 H
1+
#22300000
b1001101111100111000000110011011 I
b101001 F
0+
0(
#22306250
b10000011 H
1+
#22310000
1(
#22312500
b1001001001111100100010110010010 I
0+
#22318750
b10000100 H
1+
#22320000
b10100010001001101111100101000 G
0(
#22325000
b10010110100001001110000000101101 I
0+
#22330000
1(
#22331250
b10000101 H
1+
#22337500
b100101101101110101111101001011 I
0+
#22340000
b101010 F
0(
#22343750
b10000110 H
1+
#22350000
b11100001011010011011000011000010 I
0+
1(
#22356250
b10000111 H
1+
#22360000
b10001111000111001111011000011110 G
0(
#22362500
b110101100110000010100001101 I
0+
#22368750
b10001000 H
1+
#22370000
1(
#22375000
b1110110011110011111110111101100 I
0+
#22380000
b101011 F
0(
#22381250
b10001001 H
1+
#22387500
b1100000000111001110100011000 I
0+
#22390000
1(
#22393750
b10001010 H
1+
#22400000
b11000011011101100001110010000110 I
1)
b1101000101011100001101111010001 G
0+
0(
#22406250
b10001011 H
1+
#22410000
b11001 ;
b11001 ?
b10011111 #
b10011111 :
1(
#22411000
b11111100 3
b111110 0
b11001 1
b10011111 E
#22412500
b10100000110000000010010001000001 I
0+
#22418750
b11001 8
b11001 @
b11001 C
b10001100 H
1+
#22420000
b101100 F
0)
0(
#22425000
b10011101101111110110010000111011 I
0+
#22430000
1(
#22431250
0!
b11001 9
b11001 D
b10001101 H
1+
#22437500
b100111011 4
b111111 0
b11001 2
1,
b1010011 '
b1010011 5
b1101100010001001111100111011000 I
0+
#22440000
b10101011000110010110001001010110 G
0(
#22443750
1!
b11000 <
b11000 A
b10001110 H
1+
#22450000
b11000 6
b11000 =
b11000 B
0,
b10101101101011000010001001011011 I
0+
1(
#22456250
b10001111 H
1+
#22460000
b101101 F
0(
#22462500
b11110001011001101111101011100010 I
0+
#22468750
b10010000 H
1+
#22470000
b11000 7
b11000 >
1(
#22475000
b10000010011100111110001000000100 I
0+
#22480000
b111001101011000000001101110011 G
0(
#22481250
b10010001 H
1+
#22487500
b11101100010100001011010011011000 I
0+
#22490000
1(
#22493750
b10010010 H
1+
#22500000
b1001001111100100110100010010 I
b101110 F
0+
0(
#22506250
b10010011 H
1+
#22510000
1(
#22512500
b11011100000000110100010010111000 I
0+
#22518750
b10010100 H
1+
#22520000
b10011100100000010001001000111001 G
0(
#22525000
b11110010100001111011011011100101 I
0+
#22530000
1(
#22531250
b10010101 H
1+
#22537500
b11010000110001011101110010100001 I
0+
#22540000
b101111 F
0(
#22543750
b10010110 H
1+
#22550000
b10101100010010000111100101011 I
0+
1(
#22556250
b10010111 H
1+
#22560000
1)
b1000000100100000101110110000001 G
0(
#22562500
b1100100000110111000010111001000 I
0+
#22568750
b10011000 H
1+
#22570000
b11010 ;
b11010 ?
b11111000 #
b11111000 :
1(
#22571000
b11111101 3
b111110 0
b11010 1
b11111000 E
#22575000
b10011101101010101010100100111 I
0+
#22580000
b110000 F
0)
0(
#22581250
b11010 8
b11010 @
b11010 C
b10011001 H
1+
#22587500
b1010000110101011111100110100001 I
0+
#22590000
1(
#22593750
0!
b11010 9
b11010 D
b10011010 H
1+
#22600000
b100111100 4
b111111 0
b11010 2
1,
b1011000 '
b1011000 5
b10000010001000100011101000000100 I
b10001111100011000110111000011111 G
0+
0(
#22606250
1!
b11001 <
b11001 A
b10011011 H
1+
#22610000
b11001 6
b11001 =
b11001 B
1(
#22612500
0,
b11001011010111001000000010010110 I
0+
#22618750
b10011100 H
1+
#22620000
b110001 F
0(
#22625000
b1010011011101001001100010100 I
0+
#22630000
b11001 7
b11001 >
1(
#22631250
b10011101 H
1+
#22637500
b10001001000110011011010000010010 I
0+
#22640000
1)
b11001011001000100111000010010110 G
0(
#22643750
b10011110 H
1+
#22650000
b11011 ;
b11011 ?
b1011100 #
b1011100 :
b11011000101011001110001010110001 I
0+
1(
#22651000
b11111110 3
b111110 0
b11011 1
b1011100 E
#22656250
b11011 8
b11011 @
b11011 C
b10011111 H
1+
#22660000
b110010 F
0)
0(
#22662500
b101010110000101101010101010101 I
0+
#22668750
0!
b11011 9
b11011 D
b10100000 H
1+
#22670000
1(
#22675000
b100111101 4
b111111 0
b11011 2
1,
b101011 '
b101011 5
b11110110110000111000111011101101 I
0+
#22680000
b1111010101100010001101111110101 G
0(
#22681250
1!
b11010 <
b11010 A
b10100001 H
1+
#22687500
0,
b1010110101101000000001110101101 I
0+
#22690000
b11010 6
b11010 =
b11010 B
1(
#22693750
b10100010 H
1+
#22700000
b10010011110000010010001000100111 I
b110011 F
0+
0(
#22706250
b10100011 H
1+
#22710000
b11010 7
b11010 >
1(
#22712500
b1000010010010011111111110000100 I
0+
#22718750
b10100100 H
1+
#22720000
1)
b11010011101010001110010010100111 G
0(
#22725000
b11110011110101111010011011100111 I
0+
#22730000
b11100 ;
b11100 ?
b11010111 #
b11010111 :
1(
#22731000
b11111111 3
b111110 0
b11100 1
b11010111 E
#22731250
b11100 8
b11100 @
b11100 C
b10100101 H
1+
#22737500
b11011100111011111001000010111001 I
0+
#22740000
b110100 F
0)
0(
#22743750
0!
b11100 9
b11100 D
b10100110 H
1+
#22750000
b100111110 4
b111111 0
b11100 2
1,
b11011011 '
b11011011 5
b10100100110110100101011001001001 I
0+
1(
#22756250
1!
b11011 <
b11011 A
b10100111 H
1+
#22760000
1)
b1100100101110100000111111001001 G
0(
#22762500
0,
b101000100000111011000101010001 I
0+
#22768750
b10101000 H
1+
#22770000
b11101 ;
b11101 ?
b10010110 #
b10010110 :
b11011 6
b11011 =
b11011 B
1(
#22771000
b100000000 3
b111110 0
b11101 1
b10010110 E
#22775000
b11010000101111000101111010100001 I
0+
#22780000
b110101 F
0)
0(
#22781250
b11101 8
b11101 @
b11101 C
b10101001 H
1+
#22787500
b10101010001101101110100101010 I
0+
#22790000
b11011 7
b11011 >
1(
#22793750
0!
b11101 9
b11101 D
b10101010 H
1+
#22800000
b100111111 4
b111111 0
b11101 2
1,
b10000011 '
b10000011 5
b10100010111001100010000001000101 I
1)
b1111101001010100100010111111010 G
0+
0(
#22806250
1!
b11100 <
b11100 A
b10101011 H
1+
#22810000
b11110 ;
b11110 ?
b11000010 #
b11000010 :
b11100 6
b11100 =
b11100 B
1(
#22811000
b100000001 3
b111110 0
b11110 1
b11000010 E
#22812500
0,
b10111110011101010100001001111100 I
0+
#22818750
b11110 8
b11110 @
b11110 C
b10101100 H
1+
#22820000
b110110 F
0)
0(
#22825000
b10111001010001100001010001110010 I
0+
#22830000
b11100 7
b11100 >
1(
#22831250
0!
b11110 9
b11110 D
b10101101 H
1+
#22837500
b101000000 4
b111111 0
b11110 2
1,
b1101000 '
b1101000 5
b11111111010011110011110011111110 I
0+
#22840000
1)
b10110111110111111010101001101111 G
0(
#22843750
1!
b11101 <
b11101 A
b10101110 H
1+
#22850000
b11111 ;
b11111 ?
b1110111 #
b1110111 :
b11101 6
b11101 =
b11101 B
0,
b1000011010001100000110110000110 I
0+
1(
#22851000
b100000010 3
b111110 0
b11111 1
b1110111 E
#22856250
b11111 8
b11111 @
b11111 C
b10101111 H
1+
#22860000
b110111 F
0)
0(
#22862500
b1111000001000110010000111110000 I
0+
#22868750
0!
b11111 9
b11111 D
b10110000 H
1+
#22870000
b11101 7
b11101 >
1(
#22875000
b101000001 4
b111111 0
b11111 2
1,
b1000000 '
b1000000 5
b11100011100011001011100111000 I
0+
#22880000
1)
b10010100000010010111011000101000 G
0(
#22881250
1!
b11110 <
b11110 A
b10110001 H
1+
#22887500
0,
b1111011000011011010100111110110 I
0+
#22890000
b100000 ;
b100000 ?
b1111110 #
b1111110 :
b11110 6
b11110 =
b11110 B
1(
#22891000
b100000011 3
b111110 0
b100000 1
b1111110 E
#22893750
b100000 8
b100000 @
b100000 C
b10110010 H
1+
#22900000
b11100010101111110001101011000101 I
b111000 F
0)
0+
0(
#22906250
0!
b100000 9
b100000 D
b10110011 H
1+
#22910000
b11110 7
b11110 >
1(
#22912500
b101000010 4
b111111 0
b100000 2
1,
b1110100 '
b1110100 5
b1100000001010000011000111000000 I
0+
#22918750
1!
b11111 <
b11111 A
b10110100 H
1+
#22920000
1)
b11100110111100111000100111001 G
0(
#22925000
0,
b11011000011010100110101010110000 I
0+
#22930000
b100001 ;
b100001 ?
b111001 #
b111001 :
b11111 6
b11111 =
b11111 B
1(
#22931000
b100000100 3
b111110 0
b100001 1
b111001 E
#22931250
b100001 8
b100001 @
b100001 C
b10110101 H
1+
#22937500
b11110000111001000011100111100 I
0+
#22940000
b111001 F
0)
0(
#22943750
0!
b100001 9
b100001 D
b10110110 H
1+
#22950000
b11111 7
b11111 >
b10101001000011001001100101010 I
0+
1(
#22956250
b10110111 H
1+
#22960000
b110001001001001101001101100010 G
0(
#22962500
b101000011 4
b111111 0
b100001 2
1,
b11100001 '
b11100001 5
b1010111011000011010100010101 I
0+
#22968750
1!
b100000 <
b100000 A
b10111000 H
1+
#22970000
b100000 6
b100000 =
b100000 B
1(
#22975000
0,
b1011111000101001110100010111 I
0+
#22980000
b111010 F
0(
#22981250
b10111001 H
1+
#22987500
b10100001100010111110111001000011 I
0+
#22990000
b100000 7
b100000 >
1(
#22993750
b10111010 H
1+
#23000000
b11000011001101100000010010000110 I
1)
b1100100101101011110001111001001 G
0+
0(
#23006250
b10111011 H
1+
#23010000
b100010 ;
b100010 ?
b11010011 #
b11010011 :
1(
#23011000
b100000101 3
b111110 0
b100010 1
b11010011 E
#23012500
b10010100101111100101100100101 I
0+
#23018750
b100010 8
b100010 @
b100010 C
b10111100 H
1+
#23020000
b111011 F
0)
0(
#23025000
b1100000111101101001110111000001 I
0+
#23030000
1(
#23031250
0!
b100010 9
b100010 D
b10111101 H
1+
#23037500
b101000100 4
b111111 0
b100010 2
1,
b1011010 '
b1011010 5
b11000110100111011010001010001101 I
0+
#23040000
1)
b11110101100010011100000111 G
0(
#23043750
1!
b100001 <
b100001 A
b10111110 H
1+
#23050000
b100011 ;
b100011 ?
b1011011 #
b1011011 :
b100001 6
b100001 =
b100001 B
0,
b10110010110110111101100101100 I
0+
1(
#23051000
b100000110 3
b111110 0
b100011 1
b1011011 E
#23056250
b100011 8
b100011 @
b100011 C
b10111111 H
1+
#23060000
b111100 F
0)
0(
#23062500
b110000010100101110100001100 I
0+
#23068750
0!
b100011 9
b100011 D
b11000000 H
1+
#23070000
b100001 7
b100001 >
1(
#23075000
b101000101 4
b111111 0
b100011 2
1,
b111011 '
b111011 5
b10111000101011011110011001110001 I
0+
#23080000
1)
b1011011011000001110010110110110 G
0(
#23081250
1!
b100010 <
b100010 A
b11000001 H
1+
#23087500
0,
b11111011110111111100001011110111 I
0+
#23090000
b100100 ;
b100100 ?
b111111 #
b111111 :
b100010 6
b100010 =
b100010 B
1(
#23091000
b100000111 3
b111110 0
b100100 1
b111111 E
#23093750
b100100 8
b100100 @
b100100 C
b11000010 H
1+
#23100000
b11001111000101001100111010011110 I
b111101 F
0)
0+
0(
#23106250
0!
b100100 9
b100100 D
b11000011 H
1+
#23110000
b100010 7
b100010 >
1(
#23112500
b10101110011110000101100001011100 I
0+
#23118750
b11000100 H
1+
#23120000
1)
b101010101110001111011101010101 G
0(
#23125000
b101000110 4
b111111 0
b100100 2
1,
b10100000 '
b10100000 5
b10010000001010100011101000100000 I
0+
#23130000
b100101 ;
b100101 ?
b1011000 #
b1011000 :
1(
#23131000
b100001000 3
b111110 0
b100101 1
b1011000 E
#23131250
1!
b100011 <
b100011 A
b100101 8
b100101 @
b100101 C
b11000101 H
1+
#23137500
0,
b111001011000000000100101110010 I
0+
#23140000
b111110 F
0)
0(
#23143750
0!
b100101 9
b100101 D
b11000110 H
1+
#23150000
b100011 6
b100011 =
b100011 B
b11011010001111011000110010110100 I
0+
1(
#23156250
b11000111 H
1+
#23160000
b1101110100010101111010111011101 G
0(
#23162500
b10000110110111001111000000001101 I
0+
#23168750
b11001000 H
1+
#23170000
b100011 7
b100011 >
1(
#23175000
b100101101100001001100101001011 I
0+
#23180000
b111111 F
0(
#23181250
b11001001 H
1+
#23187500
b101000111 4
b111111 0
b100101 2
1,
b10011110 '
b10011110 5
b10111100110011000100001001111001 I
0+
#23190000
1(
#23193750
1!
b100100 <
b100100 A
b11001010 H
1+
#23200000
0,
b10111101111000001101001001111011 I
1)
b11111110111100000110010011111101 G
0+
0(
#23206250
b11001011 H
1+
#23210000
b100110 ;
b100110 ?
b10011100 #
b10011100 :
b100100 6
b100100 =
b100100 B
1(
#23211000
b100001001 3
b111110 0
b100110 1
b10011100 E
#23212500
b1000111111000100111001110001111 I
0+
#23218750
b100110 8
b100110 @
b100110 C
b11001100 H
1+
#23220000
b1000000 F
0)
0(
#23225000
b10000001110000111001101000000011 I
0+
#23230000
b100100 7
b100100 >
1(
#23231250
0!
b100110 9
b100110 D
b11001101 H
1+
#23237500
b1110001110000010010100111100011 I
0+
#23240000
1)
b1110100100100100001100011101 G
0(
#23243750
b11001110 H
1+
#23250000
b100111 ;
b100111 ?
b100110 #
b100110 :
b1011000111110010011110110110001 I
0+
1(
#23251000
b100001010 3
b111101 0
b100111 1
b100110 E
#23256250
b100111 8
b100111 @
b100111 C
b11001111 H
1+
#23260000
b1000001 F
0)
0(
#23262500
b101001000 4
b111110 0
b100110 2
1,
b10010101 '
b10010101 5
b100010000100011001111101000100 I
0+
#23268750
b100111 9
b100111 D
b100101 <
b100101 A
b11010000 H
1+
#23270000
b100101 6
b100101 =
b100101 B
1(
#23275000
0,
b11110000000111010011010011100000 I
0+
#23280000
1)
b11110110101000010111100011101101 G
0(
#23281250
b11010001 H
1+
#23287500
b101001001 4
b111111 0
b100111 2
1,
b11111000 '
b11111000 5
b101001011110100001010101010010 I
0+
#23290000
b101000 ;
b101000 ?
b10100011 #
b10100011 :
b100101 7
b100101 >
1(
#23291000
b100001011 3
b111110 0
b101000 1
b10100011 E
#23293750
1!
b101000 8
b101000 @
b101000 C
b100110 <
b100110 A
b11010010 H
1+
#23300000
0,
b1000110110111001011011110001101 I
b1000010 F
0)
0+
0(
#23306250
0!
b101000 9
b101000 D
b11010011 H
1+
#23310000
b100110 6
b100110 =
b100110 B
1(
#23312500
b101001010 4
b111111 0
b101000 2
1,
b10000100 '
b10000100 5
b10101001010111111100010001010010 I
0+
#23318750
1!
b100111 <
b100111 A
b11010100 H
1+
#23320000
1)
b100011011010101111110101000110 G
0(
#23325000
0,
b11000110001110101001001010001100 I
0+
#23330000
b101001 ;
b101001 ?
b1011111 #
b1011111 :
b100110 7
b100110 >
b100111 6
b100111 =
b100111 B
1(
#23331000
b100001100 3
b111110 0
b101001 1
b1011111 E
#23331250
b101001 8
b101001 @
b101001 C
b11010101 H
1+
#23337500
b1001000010010000111110110010000 I
0+
#23340000
b1000011 F
0)
0(
#23343750
0!
b101001 9
b101001 D
b11010110 H
1+
#23350000
b100111 7
b100111 >
b101001011 4
b111111 0
b101001 2
1,
b1101010 '
b1101010 5
b1011111010101100000100010111 I
0+
1(
#23356250
1!
b101000 <
b101000 A
b11010111 H
1+
#23360000
b1000010011110110101011110000100 G
0(
#23362500
0,
b11010101010110111011110010101010 I
0+
#23368750
b11011000 H
1+
#23370000
b101000 6
b101000 =
b101000 B
1(
#23375000
b111110011011110000111101111100 I
0+
#23380000
b1000100 F
0(
#23381250
b11011001 H
1+
#23387500
b10110000010100100000001001100000 I
0+
#23390000
b101000 7
b101000 >
1(
#23393750
b11011010 H
1+
#23400000
b11000101101000010110000010001011 I
1)
b1011101010010100100110110111010 G
0+
0(
#23406250
b11011011 H
1+
#23410000
b101010 ;
b101010 ?
b11110111 #
b11110111 :
1(
#23411000
b100001101 3
b111110 0
b101010 1
b11110111 E
#23412500
b11010011000111011111111010100110 I
0+
#23418750
b101010 8
b101010 @
b101010 C
b11011100 H
1+
#23420000
b1000101 F
0)
0(
#23425000
b10010010100000110001111000100101 I
0+
#23430000
1(
#23431250
0!
b101010 9
b101010 D
b11011101 H
1+
#23437500
b11001000001011000001100110010 I
0+
#23440000
b11010001000001010000010010100010 G
0(
#23443750
b11011110 H
1+
#23450000
b101001100 4
b111111 0
b101010 2
1,
b10100 '
b10100 5
b10100100100011110111110001001001 I
0+
1(
#23456250
1!
b101001 <
b101001 A
b11011111 H
1+
#23460000
b1000110 F
0(
#23462500
0,
b10011110110010011100000000111101 I
0+
#23468750
b11100000 H
1+
#23470000
b101001 6
b101001 =
b101001 B
1(
#23475000
b100101111100100000001101001011 I
0+
#23480000
b10101110011010000011000001011100 G
0(
#23481250
b11100001 H
1+
#23487500
b100011100100000111010101000111 I
0+
#23490000
b101001 7
b101001 >
1(
#23493750
b11100010 H
1+
#23500000
b1000011001111101001011110000110 I
b1000111 F
0+
0(
#23506250
b11100011 H
1+
#23510000
1(
#23512500
b10011100101011110111101000111001 I
0+
#23518750
b11100100 H
1+
#23520000
1)
b11011010000001011000101010110100 G
0(
#23525000
b1101000010100011110010111010000 I
0+
#23530000
b101011 ;
b101011 ?
b11100110 #
b11100110 :
1(
#23531000
b100001110 3
b111110 0
b101011 1
b11100110 E
#23531250
b101011 8
b101011 @
b101011 C
b11100101 H
1+
#23537500
b10010110001000100101000000101100 I
0+
#23540000
b1001000 F
0)
0(
#23543750
0!
b101011 9
b101011 D
b11100110 H
1+
#23550000
b1000110011111000100010110001100 I
0+
1(
#23556250
b11100111 H
1+
#23560000
b11111010011011011100000111 G
0(
#23562500
b10110101001000100100000001101010 I
0+
#23568750
b11101000 H
1+
#23570000
1(
#23575000
b101001101 4
b111111 0
b101011 2
1,
b11101000 '
b11101000 5
b1000100101011111100100010001 I
0+
#23580000
b1001001 F
0(
#23581250
1!
b101010 <
b101010 A
b11101001 H
1+
#23587500
0,
b10100101111001111001111001001011 I
0+
#23590000
b101010 6
b101010 =
b101010 B
1(
#23593750
b11101010 H
1+
#23600000
b1110110001010010101101111101100 I
1)
b111001111001001000000101110011 G
0+
0(
#23606250
b11101011 H
1+
#23610000
b101100 ;
b101100 ?
b11101101 #
b11101101 :
b101010 7
b101010 >
1(
#23611000
b100001111 3
b111110 0
b101100 1
b11101101 E
#23612500
b10001111111100000010100100011 I
0+
#23618750
b101100 8
b101100 @
b101100 C
b11101100 H
1+
#23620000
b1001010 F
0)
0(
#23625000
b1010010000011101110111110100100 I
0+
#23630000
1(
#23631250
0!
b101100 9
b101100 D
b11101101 H
1+
#23637500
b101001110 4
b111111 0
b101100 2
1,
b111001 '
b111001 5
b1100100111000010110010111001001 I
0+
#23640000
1)
b11101111100000110111001011011111 G
0(
#23643750
1!
b101011 <
b101011 A
b11101110 H
1+
#23650000
b101101 ;
b101101 ?
b1100101 #
b1100101 :
b101011 6
b101011 =
b101011 B
0,
b11101010010110000001010011010100 I
0+
1(
#23651000
b100010000 3
b111110 0
b101101 1
b1100101 E
#23656250
b101101 8
b101101 @
b101101 C
b11101111 H
1+
#23660000
b1001011 F
0)
0(
#23662500
b110011100000110110010101100111 I
0+
#23668750
0!
b101101 9
b101101 D
b11110000 H
1+
#23670000
b101011 7
b101011 >
1(
#23675000
b101001111 4
b111111 0
b101101 2
1,
b10110000 '
b10110000 5
b1001110101000000100000110011101 I
0+
#23680000
1)
b1000001000100000011100110000010 G
0(
#23681250
1!
b101100 <
b101100 A
b11110001 H
1+
#23687500
0,
b100100110100101011111101001001 I
0+
#23690000
b101110 ;
b101110 ?
b11011111 #
b11011111 :
b101100 6
b101100 =
b101100 B
1(
#23691000
b100010001 3
b111110 0
b101110 1
b11011111 E
#23693750
b101110 8
b101110 @
b101110 C
b11110010 H
1+
#23700000
b11101100101110010001101011011001 I
b1001100 F
0)
0+
0(
#23706250
0!
b101110 9
b101110 D
b11110011 H
1+
#23710000
b101100 7
b101100 >
1(
#23712500
b101010000 4
b111111 0
b101110 2
1,
b11100 '
b11100 5
b10000000000001011011100100000 I
0+
#23718750
1!
b101101 <
b101101 A
b11110100 H
1+
#23720000
1)
b1001001101100010110111110010011 G
0(
#23725000
0,
b1110001101101000110000111100011 I
0+
#23730000
b101111 ;
b101111 ?
b1000100 #
b1000100 :
b101101 6
b101101 =
b101101 B
1(
#23731000
b100010010 3
b111110 0
b101111 1
b1000100 E
#23731250
b101111 8
b101111 @
b101111 C
b11110101 H
1+
#23737500
b10010101010010111000001000101010 I
0+
#23740000
b1001101 F
0)
0(
#23743750
0!
b101111 9
b101111 D
b11110110 H
1+
#23750000
b101101 7
b101101 >
b11100100011100011111100011001000 I
0+
1(
#23756250
b11110111 H
1+
#23760000
1)
b10101110110101110010111001011101 G
0(
#23762500
b11101001111111001110100111010 I
0+
#23768750
b11111000 H
1+
#23770000
b110000 ;
b110000 ?
b10101011 #
b10101011 :
1(
#23771000
b100010011 3
b111101 0
b110000 1
b10101011 E
#23775000
b101010001 4
b111110 0
b101111 2
1,
b101011 '
b101011 5
b1000010001001101010100110000100 I
0+
#23780000
b1001110 F
0)
0(
#23781250
1!
b101110 <
b101110 A
b110000 8
b110000 @
b110000 C
b11111001 H
1+
#23787500
0,
b11100100011010111111100111001 I
0+
#23790000
b101110 6
b101110 =
b101110 B
1(
#23793750
0!
b110000 9
b110000 D
b11111010 H
1+
#23800000
b101010010 4
b111111 0
b110000 2
1,
b1011001 '
b1011001 5
b10101001011111110000000001010010 I
1)
b10001001011111110001110000010010 G
0+
0(
#23806250
1!
b101111 <
b101111 A
b11111011 H
1+
#23810000
b110001 ;
b110001 ?
b11011100 #
b11011100 :
b101110 7
b101110 >
b101111 6
b101111 =
b101111 B
1(
#23811000
b100010100 3
b111110 0
b110001 1
b11011100 E
#23812500
0,
b11101000001010111001011011010000 I
0+
#23818750
b110001 8
b110001 @
b110001 C
b11111100 H
1+
#23820000
b1001111 F
0)
0(
#23825000
b10110111010110011110101001101110 I
0+
#23830000
b101111 7
b101111 >
1(
#23831250
0!
b110001 9
b110001 D
b11111101 H
1+
#23837500
b1001011111101010010100110010111 I
0+
#23840000
1)
b1101101100010111000011111011011 G
0(
#23843750
b11111110 H
1+
#23850000
b110010 ;
b110010 ?
b11111101 #
b11111101 :
b101010011 4
b111111 0
b110001 2
1,
b10111011 '
b10111011 5
b1010011010100100111011110100110 I
0+
1(
#23851000
b100010101 3
b111110 0
b110010 1
b11111101 E
#23856250
1!
b110000 <
b110000 A
b110010 8
b110010 @
b110010 C
b11111111 H
1+
#23860000
b1010000 F
0)
0(
#23862500
0,
b10000000011110010111110000000000 I
0+
#23868750
0!
b110010 9
b110010 D
b100000000 H
1+
#23870000
b110000 6
b110000 =
b110000 B
1(
#23875000
b101010100 4
b111111 0
b110010 2
1,
b1101001 '
b1101001 5
b10000111111001000100110000001111 I
0+
#23880000
1)
b10000110010100110110001000001100 G
0(
#23881250
1!
b110001 <
b110001 A
b100000001 H
1+
#23887500
0,
b101100101010000001100101011001 I
0+
#23890000
b110011 ;
b110011 ?
b1001110 #
b1001110 :
b110000 7
b110000 >
b110001 6
b110001 =
b110001 B
1(
#23891000
b100010110 3
b111110 0
b110011 1
b1001110 E
#23893750
b110011 8
b110011 @
b110011 C
b100000010 H
1+
#23900000
b1100010111111010100100111000101 I
b1010001 F
0)
0+
0(
#23906250
0!
b110011 9
b110011 D
b100000011 H
1+
#23910000
b110001 7
b110001 >
1(
#23912500
b101010101 4
b111111 0
b110011 2
1,
b10010000 '
b10010000 5
b1100111110101110011010111001111 I
0+
#23918750
1!
b110010 <
b110010 A
b100000100 H
1+
#23920000
1)
b10101000111001001101100001010001 G
0(
#23925000
0,
b10110100111110011010010001101001 I
0+
#23930000
b110100 ;
b110100 ?
b1010 #
b1010 :
b110010 6
b110010 =
b110010 B
1(
#23931000
b100010111 3
b111110 0
b110100 1
b1010 E
#23931250
b110100 8
b110100 @
b110100 C
b100000101 H
1+
#23937500
b111011100000111100110101110111 I
0+
#23940000
b1010010 F
0)
0(
#23943750
0!
b110100 9
b110100 D
b100000110 H
1+
#23950000
b110010 7
b110010 >
b100101001000110110010101001010 I
0+
1(
#23956250
b100000111 H
1+
#23960000
b11101100001101110101100011011000 G
0(
#23962500
b101010110 4
b111111 0
b110100 2
1,
b11000100 '
b11000100 5
b1001101110111010100110110011011 I
0+
#23968750
1!
b110011 <
b110011 A
b100001000 H
1+
#23970000
b110011 6
b110011 =
b110011 B
1(
#23975000
0,
b1011100011110001011000110111000 I
0+
#23980000
b1010011 F
0(
#23981250
b100001001 H
1+
#23987500
b11011011111001101111001010110111 I
0+
#23990000
b110011 7
b110011 >
1(
#23993750
b100001010 H
1+
#24000000
b10011000010011010101101000110000 I
b11000011011110001110111010000110 G
0+
0(
#24006250
b100001011 H
1+
#24010000
1(
#24012500
b111011111011010101001101110111 I
0+
#24018750
b100001100 H
1+
#24020000
b1010100 F
0(
#24025000
b1011010110101101100011110110101 I
0+
#24030000
1(
#24031250
b100001101 H
1+
#24037500
b1101010000101011111010111010100 I
0+
#24040000
b11100001111000011100000111 G
0(
#24043750
b100001110 H
1+
#24050000
b111011000010111001011101110110 I
0+
1(
#24056250
b100001111 H
1+
#24060000
b1010101 F
0(
#24062500
b1110100101000011010110111101001 I
0+
#24068750
b100010000 H
1+
#24070000
1(
#24075000
b1000101111000101000101110001011 I
0+
#24080000
1)
b111100100101111100000001 G
0(
#24081250
b100010001 H
1+
#24087500
b1101101100000001000101111011011 I
0+
#24090000
b110101 ;
b110101 ?
b10010011 #
b10010011 :
1(
#24091000
b100011000 3
b111110 0
b110101 1
b10010011 E
#24093750
b110101 8
b110101 @
b110101 C
b100010010 H
1+
#24100000
b11000000011101100100001010000000 I
b1010110 F
0)
0+
0(
#24106250
0!
b110101 9
b110101 D
b100010011 H
1+
#24110000
1(
#24112500
b1100001000111011001111111000010 I
0+
#24118750
b100010100 H
1+
#24120000
b11100010111011001101101011000101 G
0(
#24125000
b101010111 4
b111111 0
b110101 2
1,
b10101111 '
b10101111 5
b10011000001001111111101000110000 I
0+
#24130000
1(
#24131250
1!
b110100 <
b110100 A
b100010101 H
1+
#24137500
0,
b10110011000000101101101001100110 I
0+
#24140000
b1010111 F
0(
#24143750
b100010110 H
1+
#24150000
b110100 6
b110100 =
b110100 B
b1010111111110111011100110101111 I
0+
1(
#24156250
b100010111 H
1+
#24160000
1)
b11110100110110000110111011101001 G
0(
#24162500
b1111100010000011010111111111000 I
0+
#24168750
b100011000 H
1+
#24170000
b110110 ;
b110110 ?
b11011011 #
b11011011 :
b110100 7
b110100 >
1(
#24171000
b100011001 3
b111110 0
b110110 1
b11011011 E
#24175000
b10000011011101101010110000000110 I
0+
#24180000
b1011000 F
0)
0(
#24181250
b110110 8
b110110 @
b110110 C
b100011001 H
1+
#24187500
b11110111100001010111011011101111 I
0+
#24190000
1(
#24193750
0!
b110110 9
b110110 D
b100011010 H
1+
#24200000
b11001010101101000111110010010101 I
1)
b1110000111011110011011111100001 G
0+
0(
#24206250
b100011011 H
1+
#24210000
b110111 ;
b110111 ?
b11011001 #
b11011001 :
1(
#24211000
b100011010 3
b111101 0
b110111 1
b11011001 E
#24212500
b101011000 4
b111110 0
b110110 2
1,
b1100000 '
b1100000 5
b11110111011100100011111011101110 I
0+
#24218750
1!
b110111 8
b110111 @
b110111 C
b110101 <
b110101 A
b100011100 H
1+
#24220000
b1011001 F
0)
0(
#24225000
0,
b11110010100111000101111011100101 I
0+
#24230000
b110101 6
b110101 =
b110101 B
1(
#24231250
0!
b110111 9
b110111 D
b100011101 H
1+
#24237500
b101011001 4
b111111 0
b110111 2
1,
b1100100 '
b1100100 5
b10010100001000001110101000101000 I
0+
#24240000
1)
b10100101101000011011100101001 G
0(
#24243750
1!
b110110 <
b110110 A
b100011110 H
1+
#24250000
b111000 ;
b111000 ?
b1110110 #
b1110110 :
b110101 7
b110101 >
b110110 6
b110110 =
b110110 B
0,
b11110000111011101010111011100001 I
0+
1(
#24251000
b100011011 3
b111110 0
b111000 1
b1110110 E
#24256250
b111000 8
b111000 @
b111000 C
b100011111 H
1+
#24260000
b1011010 F
0)
0(
#24262500
b10111011101111000101001001110111 I
0+
#24268750
0!
b111000 9
b111000 D
b100100000 H
1+
#24270000
b110110 7
b110110 >
1(
#24275000
b101011010 4
b111111 0
b111000 2
1,
b10000001 '
b10000001 5
b110111000101010001010101101110 I
0+
#24280000
b1101010100111111011100111010101 G
0(
#24281250
1!
b110111 <
b110111 A
b100100001 H
1+
#24287500
0,
b110100001101111101010101101000 I
0+
#24290000
b110111 6
b110111 =
b110111 B
1(
#24293750
b100100010 H
1+
#24300000
b1111000011000100111000111110000 I
b1011011 F
0+
0(
#24306250
b100100011 H
1+
#24310000
b110111 7
b110111 >
1(
#24312500
b11010101011110000000000010101010 I
0+
#24318750
b100100100 H
1+
#24320000
b111100111111100001100001111 G
0(
#24325000
b11111000110111000100100011110001 I
0+
#24330000
1(
#24331250
b100100101 H
1+
#24337500
b10111110100110111011110001111101 I
0+
#24340000
b1011100 F
0(
#24343750
b100100110 H
1+
#24350000
b1000111001011101001010110001110 I
0+
1(
#24356250
b100100111 H
1+
#24360000
1)
b11110001011000011101110011100010 G
0(
#24362500
b11110011001100100110100111100 I
0+
#24368750
b100101000 H
1+
#24370000
b111001 ;
b111001 ?
b1000110 #
b1000110 :
1(
#24371000
b100011100 3
b111110 0
b111001 1
b1000110 E
#24375000
b11010100101101011110011010101001 I
0+
#24380000
b1011101 F
0)
0(
#24381250
b111001 8
b111001 @
b111001 C
b100101001 H
1+
#24387500
b1110111111010111011000111101111 I
0+
#24390000
1(
#24393750
0!
b111001 9
b111001 D
b100101010 H
1+
#24400000
b11010111101000100011110010101111 I
b10101101111001111101000001011011 G
0+
0(
#24406250
b100101011 H
1+
#24410000
1(
#24412500
b101011011 4
b111111 0
b111001 2
1,
b10111001 '
b10111001 5
b100101000000101001101101001010 I
0+
#24418750
1!
b111000 <
b111000 A
b100101100 H
1+
#24420000
b1011110 F
0(
#24425000
0,
0+
#24430000
b111000 6
b111000 =
b111000 B
1(
#24431250
1+
#24437500
0+
#24440000
b1001100011100010110100010011 G
0(
#24443750
1+
#24450000
b111000 7
b111000 >
0+
1(
#24456250
1+
#24460000
b1011111 F
0(
#24462500
0+
#24468750
1+
#24470000
1(
#24475000
0+
#24480000
1)
b1001110010000011010100010011 G
0(
#24481250
1+
#24487500
0+
#24490000
b111010 ;
b111010 ?
b1101001 #
b1101001 :
1(
#24491000
b100011101 3
b111110 0
b111010 1
b1101001 E
#24493750
b111010 8
b111010 @
b111010 C
1+
#24500000
b1100000 F
0)
0+
0(
#24506250
0!
b111010 9
b111010 D
1+
#24510000
1(
#24512500
0+
#24518750
1+
#24520000
1)
b110010110111000100000101100101 G
0(
#24525000
0+
#24530000
b111011 ;
b111011 ?
b101000 #
b101000 :
1(
#24531000
b100011110 3
b111101 0
b111011 1
b101000 E
#24531250
b111011 8
b111011 @
b111011 C
1+
#24537500
0+
#24540000
b1100001 F
0)
0(
#24543750
b111011 9
b111011 D
1+
#24550000
0+
1(
#24556250
1+
#24560000
1)
b101000110001100010011101010001 G
0(
#24562500
0+
#24568750
1+
#24570000
b111100 ;
b111100 ?
b11000111 #
b11000111 :
1(
#24571000
b100011111 3
b111100 0
b111100 1
b11000111 E
#24575000
0+
#24580000
b1100010 F
0)
0(
#24581250
b111100 8
b111100 @
b111100 C
1+
#24587500
0+
#24590000
1(
#24593750
b111100 9
b111100 D
1+
#24600000
b11011011100110000011101010110111 G
0+
0(
#24606250
1+
#24610000
1(
#24612500
0+
#24618750
1+
#24620000
b1100011 F
0(
#24625000
0+
#24630000
1(
#24631250
1+
#24637500
0+
#24640000
1)
b11001100100110000001000010011001 G
0(
#24643750
1+
#24650000
b111101 ;
b111101 ?
b11111101 #
b11111101 :
0+
1(
#24651000
b100100000 3
b111011 0
b111101 1
b11111101 E
#24656250
b111101 8
b111101 @
b111101 C
1+
#24660000
b1100100 F
0)
0(
#24662500
0+
#24668750
b111101 9
b111101 D
1+
#24670000
1(
#24675000
0+
#24680000
1)
b10011101000100100000100000111010 G
0(
#24681250
1+
#24687500
0+
#24690000
b111110 ;
b111110 ?
b11100 #
b11100 :
1(
#24691000
b100100001 3
b111010 0
b111110 1
b11100 E
#24693750
b111110 8
b111110 @
b111110 C
1+
#24700000
b1100101 F
0)
0+
0(
#24706250
b111110 9
b111110 D
1+
#24710000
1(
#24712500
0+
#24718750
1+
#24720000
b10111000111010100011101001110001 G
0(
#24725000
0+
#24730000
1(
#24731250
1+
#24737500
0+
#24740000
b1100110 F
0(
#24743750
1+
#24750000
0+
1(
#24756250
1+
#24760000
1)
b110001011111000000011101100010 G
0(
#24762500
0+
#24768750
1+
#24770000
b111111 ;
b111111 ?
b1100110 #
b1100110 :
1(
#24771000
b100100010 3
b111001 0
b0 1
b1100110 E
#24775000
0+
#24780000
b1100111 F
0)
0(
#24781250
b111111 8
b111111 @
b111111 C
1+
#24787500
0+
#24790000
1(
#24793750
b111111 9
b111111 D
1+
#24800000
1)
b11110010001101010110101011100100 G
0+
0(
#24806250
1+
#24810000
b0 ;
b0 ?
b1110011 #
b1110011 :
1(
#24811000
b100100011 3
b111000 0
b1 1
b1110011 E
#24812500
0+
#24818750
b0 8
b0 @
b0 C
1+
#24820000
b1101000 F
0)
0(
#24825000
0+
#24830000
1(
#24831250
b0 9
b0 D
1+
#24837500
0+
#24840000
1)
b10101000100111101110100101010 G
0(
#24843750
1+
#24850000
b1 ;
b1 ?
b1011110 #
b1011110 :
0+
1(
#24851000
b100100100 3
b110111 0
b10 1
b1011110 E
#24856250
b1 8
b1 @
b1 C
1+
#24860000
b1101001 F
0)
0(
#24862500
0+
#24868750
b1 9
b1 D
1+
#24870000
1(
#24875000
0+
#24880000
b10111110110110100100010001111101 G
0(
#24881250
1+
#24887500
0+
#24890000
1(
#24893750
1+
#24900000
b1101010 F
0+
0(
#24906250
1+
#24910000
1(
#24912500
0+
#24918750
1+
#24920000
b101100111011100101111101011001 G
0(
#24925000
0+
#24930000
1(
#24931250
1+
#24937500
0+
#24940000
b1101011 F
0(
#24943750
1+
#24950000
0+
1(
#24956250
1+
#24960000
1)
b1110010110000111010001111100101 G
0(
#24962500
0+
#24968750
1+
#24970000
b10 ;
b10 ?
b11010 #
b11010 :
1(
#24971000
b100100101 3
b110110 0
b11 1
b11010 E
#24975000
0+
#24980000
b1101100 F
0)
0(
#24981250
b10 8
b10 @
b10 C
1+
#24987500
0+
#24990000
1(
#24993750
b10 9
b10 D
1+
#25000000
1)
b1110110110111100110101111101101 G
0+
0(
#25006250
1+
#25010000
b11 ;
b11 ?
b110111 #
b110111 :
1(
#25011000
b100100110 3
b110101 0
b100 1
b110111 E
#25012500
0+
#25018750
b11 8
b11 @
b11 C
1+
#25020000
b1101101 F
0)
0(
#25025000
0+
#25030000
1(
#25031250
b11 9
b11 D
1+
#25037500
0+
#25040000
b11100100101010000000000011001001 G
0(
#25043750
1+
#25050000
0+
1(
#25056250
1+
#25060000
b1101110 F
0(
#25062500
0+
#25068750
1+
#25070000
1(
#25075000
0+
#25080000
b10100000101011101100110001000001 G
0(
#25081250
1+
#25087500
0+
#25090000
1(
#25093750
1+
#25100000
b1101111 F
0+
0(
#25106250
1+
#25110000
1(
#25112500
0+
#25118750
1+
#25120000
1)
b1010111110000011101000110101111 G
0(
#25125000
0+
#25130000
b100 ;
b100 ?
b11000000 #
b11000000 :
1(
#25131000
b100100111 3
b110100 0
b101 1
b11000000 E
#25131250
b100 8
b100 @
b100 C
1+
#25137500
0+
#25140000
b1110000 F
0)
0(
#25143750
b100 9
b100 D
1+
#25150000
0+
1(
#25156250
1+
#25160000
1)
b11101101101001110001110011011011 G
0(
#25162500
0+
#25168750
1+
#25170000
b101 ;
b101 ?
b1111101 #
b1111101 :
1(
#25171000
b100101000 3
b110011 0
b110 1
b1111101 E
#25175000
0+
#25180000
b1110001 F
0)
0(
#25181250
b101 8
b101 @
b101 C
1+
#25187500
0+
#25190000
1(
#25193750
b101 9
b101 D
1+
#25200000
1)
b11100110100101101110100011001101 G
0+
0(
#25206250
1+
#25210000
b110 ;
b110 ?
b10000110 #
b10000110 :
1(
#25211000
b100101001 3
b110010 0
b111 1
b10000110 E
#25212500
0+
#25218750
b110 8
b110 @
b110 C
1+
#25220000
b1110010 F
0)
0(
#25225000
0+
#25230000
1(
#25231250
b110 9
b110 D
1+
#25237500
0+
#25240000
b111000000100111001111101110000 G
0(
#25243750
1+
#25250000
0+
1(
#25256250
1+
#25260000
b1110011 F
0(
#25262500
0+
#25268750
1+
#25270000
1(
#25275000
0+
#25280000
1)
b10000011001001101101010000000110 G
0(
#25281250
1+
#25287500
0+
#25290000
b111 ;
b111 ?
b11011011 #
b11011011 :
1(
#25291000
b100101010 3
b110001 0
b1000 1
b11011011 E
#25293750
b111 8
b111 @
b111 C
1+
#25300000
b1110100 F
0)
0+
0(
#25306250
b111 9
b111 D
1+
#25310000
1(
#25312500
0+
#25318750
1+
#25320000
1)
b11010001010010000010000010100010 G
0(
#25325000
0+
#25330000
b1000 ;
b1000 ?
b11111010 #
b11111010 :
1(
#25331000
b100101011 3
b110000 0
b1001 1
b11111010 E
#25331250
b1000 8
b1000 @
b1000 C
1+
#25337500
0+
#25340000
b1110101 F
0)
0(
#25343750
b1000 9
b1000 D
1+
#25350000
0+
1(
#25356250
1+
#25360000
b1011110100110000011110110111101 G
0(
#25362500
0+
#25368750
1+
#25370000
1(
#25375000
0+
#25380000
b1110110 F
0(
#25381250
1+
#25387500
0+
#25390000
1(
#25393750
1+
#25400000
1)
b10110101010101011101111001101010 G
0+
0(
#25406250
1+
#25410000
b1001 ;
b1001 ?
b10100001 #
b10100001 :
1(
#25411000
b100101100 3
b101111 0
b1010 1
b10100001 E
#25412500
0+
#25418750
b1001 8
b1001 @
b1001 C
1+
#25420000
b1110111 F
0)
0(
#25425000
0+
#25430000
1(
#25431250
b1001 9
b1001 D
1+
#25437500
0+
#25440000
1)
b1101110001111010100011111011100 G
0(
#25443750
1+
#25450000
b1010 ;
b1010 ?
b11110101 #
b11110101 :
0+
1(
#25451000
b100101101 3
b101110 0
b1011 1
b11110101 E
#25456250
b1010 8
b1010 @
b1010 C
1+
#25460000
b1111000 F
0)
0(
#25462500
0+
#25468750
b1010 9
b1010 D
1+
#25470000
1(
#25475000
0+
#25480000
b10101000011011000101111001010000 G
0(
#25481250
1+
#25487500
0+
#25490000
1(
#25493750
1+
#25500000
b1111001 F
0+
0(
#25506250
1+
#25510000
1(
#25512500
0+
#25518750
1+
#25520000
1)
b10111101100001101111010001111011 G
0(
#25525000
0+
#25530000
b1011 ;
b1011 ?
b11000001 #
b11000001 :
1(
#25531000
b100101110 3
b101101 0
b1100 1
b11000001 E
#25531250
b1011 8
b1011 @
b1011 C
1+
#25537500
0+
#25540000
b1111010 F
0)
0(
#25543750
b1011 9
b1011 D
1+
#25550000
0+
1(
#25556250
1+
#25560000
1)
b10010010100111010101100000100101 G
0(
#25562500
0+
#25568750
1+
#25570000
b1100 ;
b1100 ?
b1001011 #
b1001011 :
1(
#25571000
b100101111 3
b101100 0
b1101 1
b1001011 E
#25575000
0+
#25580000
b1111011 F
0)
0(
#25581250
b1100 8
b1100 @
b1100 C
1+
#25587500
0+
#25590000
1(
#25593750
b1100 9
b1100 D
1+
#25600000
1)
b10111100001111111000010001111000 G
0+
0(
#25606250
1+
#25610000
b1101 ;
b1101 ?
b10001010 #
b10001010 :
1(
#25611000
b100110000 3
b101011 0
b1110 1
b10001010 E
#25612500
0+
#25618750
b1101 8
b1101 @
b1101 C
1+
#25620000
b1111100 F
0)
0(
#25625000
0+
#25630000
1(
#25631250
b1101 9
b1101 D
1+
#25637500
0+
#25640000
1)
b1111011011110111000100111110110 G
0(
#25643750
1+
#25650000
b1110 ;
b1110 ?
b101010 #
b101010 :
0+
1(
#25651000
b100110001 3
b101010 0
b1111 1
b101010 E
#25656250
b1110 8
b1110 @
b1110 C
1+
#25660000
b1111101 F
0)
0(
#25662500
0+
#25668750
b1110 9
b1110 D
1+
#25670000
1(
#25675000
0+
#25680000
1)
b10101110001000111100111001011100 G
0(
#25681250
1+
#25687500
0+
#25690000
b1111 ;
b1111 ?
b10011110 #
b10011110 :
1(
#25691000
b100110010 3
b101001 0
b10000 1
b10011110 E
#25693750
b1111 8
b1111 @
b1111 C
1+
#25700000
b1111110 F
0)
0+
0(
#25706250
b1111 9
b1111 D
1+
#25710000
1(
#25712500
0+
#25718750
1+
#25720000
1)
b10001110011001001101100100011 G
0(
#25725000
0+
#25730000
b10000 ;
b10000 ?
b11001000 #
b11001000 :
1(
#25731000
b100110011 3
b101000 0
b10001 1
b11001000 E
#25731250
b10000 8
b10000 @
b10000 C
1+
#25737500
0+
#25740000
b1111111 F
0)
0(
#25743750
b10000 9
b10000 D
1+
#25750000
0+
1(
#25756250
1+
#25760000
1)
b111100101100111010101101111001 G
0(
#25762500
0+
#25768750
1+
#25770000
b10001 ;
b10001 ?
b10011 #
b10011 :
1(
#25771000
b100110100 3
b100111 0
b10010 1
b10011 E
#25775000
0+
#25780000
b10000000 F
0)
0(
#25781250
b10001 8
b10001 @
b10001 C
1+
#25787500
0+
#25790000
1(
#25793750
b10001 9
b10001 D
1+
#25800000
1)
b1100100010001100000010111001000 G
0+
0(
#25806250
1+
#25810000
b10010 ;
b10010 ?
b10111010 #
b10111010 :
1(
#25811000
b100110101 3
b100110 0
b10011 1
b10111010 E
#25812500
0+
#25818750
b10010 8
b10010 @
b10010 C
1+
#25820000
b10000001 F
0)
0(
#25825000
0+
#25830000
1(
#25831250
b10010 9
b10010 D
1+
#25837500
0+
#25840000
1)
b11011101110100010100011010111011 G
0(
#25843750
1+
#25850000
b10011 ;
b10011 ?
b10111001 #
b10111001 :
0+
1(
#25851000
b100110110 3
b100101 0
b10100 1
b10111001 E
#25856250
b10011 8
b10011 @
b10011 C
1+
#25860000
b10000010 F
0)
0(
#25862500
0+
#25868750
b10011 9
b10011 D
1+
#25870000
1(
#25875000
0+
#25880000
1)
b10000111000011001110111000001110 G
0(
#25881250
1+
#25887500
0+
#25890000
b10100 ;
b10100 ?
b10110100 #
b10110100 :
1(
#25891000
b100110111 3
b100100 0
b10101 1
b10110100 E
#25893750
b10100 8
b10100 @
b10100 C
1+
#25900000
b10000011 F
0)
0+
0(
#25906250
b10100 9
b10100 D
1+
#25910000
1(
#25912500
0+
#25918750
1+
#25920000
b10111001100001111001010001110011 G
0(
#25925000
0+
#25930000
1(
#25931250
1+
#25937500
0+
#25940000
b10000100 F
0(
#25943750
1+
#25950000
0+
1(
#25956250
1+
#25960000
1)
b110011100010000001100001100 G
0(
#25962500
0+
#25968750
1+
#25970000
b10101 ;
b10101 ?
b11111010 #
b11111010 :
1(
#25971000
b100111000 3
b100011 0
b10110 1
b11111010 E
#25975000
0+
#25980000
b10000101 F
0)
0(
#25981250
b10101 8
b10101 @
b10101 C
1+
#25987500
0+
#25990000
1(
#25993750
b10101 9
b10101 D
1+
#26000000
1)
b11100111000011111001100011001110 G
0+
0(
#26006250
1+
#26010000
b10110 ;
b10110 ?
b11100100 #
b11100100 :
1(
#26011000
b100111001 3
b100010 0
b10111 1
b11100100 E
#26012500
0+
#26018750
b10110 8
b10110 @
b10110 C
1+
#26020000
b10000110 F
0)
0(
#26025000
0+
#26030000
1(
#26031250
b10110 9
b10110 D
1+
#26037500
0+
#26040000
b1101010000110100110000111010100 G
0(
#26043750
1+
#26050000
0+
1(
#26056250
1+
#26060000
b10000111 F
0(
#26062500
0+
#26068750
1+
#26070000
1(
#26075000
0+
#26080000
1)
b10101100111011001101110001011001 G
0(
#26081250
1+
#26087500
0+
#26090000
b10111 ;
b10111 ?
b10101001 #
b10101001 :
1(
#26091000
b100111010 3
b100001 0
b11000 1
b10101001 E
#26093750
b10111 8
b10111 @
b10111 C
1+
#26100000
b10001000 F
0)
0+
0(
#26106250
b10111 9
b10111 D
1+
#26110000
1(
#26112500
0+
#26118750
1+
#26120000
1)
b1011100101000100110111110111001 G
0(
#26125000
0+
#26130000
b11000 ;
b11000 ?
b1010011 #
b1010011 :
1(
#26131000
b100111011 3
b100000 0
b11001 1
b1010011 E
#26131250
b11000 8
b11000 @
b11000 C
1+
#26137500
0+
#26140000
b10001001 F
0)
0(
#26143750
b11000 9
b11000 D
1+
#26150000
0+
1(
#26156250
1+
#26160000
b11011001101110001100000010110011 G
0(
#26162500
0+
#26168750
1+
#26170000
1(
#26175000
0+
#26180000
b10001010 F
0(
#26181250
1+
#26187500
0+
#26190000
1(
#26193750
1+
#26200000
1)
b1111010010011111011111111110100 G
0+
0(
#26206250
1+
#26210000
b11001 ;
b11001 ?
b1011000 #
b1011000 :
1(
#26211000
b100111100 3
b11111 0
b11010 1
b1011000 E
#26212500
0+
#26218750
b11001 8
b11001 @
b11001 C
1+
#26220000
b10001011 F
0)
0(
#26225000
0+
#26230000
1(
#26231250
b11001 9
b11001 D
1+
#26237500
0+
#26240000
1)
b10111010111101001110001001110101 G
0(
#26243750
1+
#26250000
b11010 ;
b11010 ?
b101011 #
b101011 :
0+
1(
#26251000
b100111101 3
b11110 0
b11011 1
b101011 E
#26256250
b11010 8
b11010 @
b11010 C
1+
#26260000
b10001100 F
0)
0(
#26262500
0+
#26268750
b11010 9
b11010 D
1+
#26270000
1(
#26275000
0+
#26280000
b110011011001111000100001100 G
0(
#26281250
1+
#26287500
0+
#26290000
1(
#26293750
1+
#26300000
b10001101 F
0+
0(
#26306250
1+
#26310000
1(
#26312500
0+
#26318750
1+
#26320000
1)
b10011100111111000111101000111001 G
0(
#26325000
0+
#26330000
b11011 ;
b11011 ?
b11011011 #
b11011011 :
1(
#26331000
b100111110 3
b11101 0
b11100 1
b11011011 E
#26331250
b11011 8
b11011 @
b11011 C
1+
#26337500
0+
#26340000
b10001110 F
0)
0(
#26343750
b11011 9
b11011 D
1+
#26350000
0+
1(
#26356250
1+
#26360000
1)
b1011100101001001100000010 G
0(
#26362500
0+
#26368750
1+
#26370000
b11100 ;
b11100 ?
b10000011 #
b10000011 :
1(
#26371000
b100111111 3
b11100 0
b11101 1
b10000011 E
#26375000
0+
#26380000
b10001111 F
0)
0(
#26381250
b11100 8
b11100 @
b11100 C
1+
#26387500
0+
#26390000
1(
#26393750
b11100 9
b11100 D
1+
#26400000
1)
b10001010111011001011111000010101 G
0+
0(
#26406250
1+
#26410000
b11101 ;
b11101 ?
b1101000 #
b1101000 :
1(
#26411000
b101000000 3
b11011 0
b11110 1
b1101000 E
#26412500
0+
#26418750
b11101 8
b11101 @
b11101 C
1+
#26420000
b10010000 F
0)
0(
#26425000
0+
#26430000
1(
#26431250
b11101 9
b11101 D
1+
#26437500
0+
#26440000
1)
b10111110111111100100000101 G
0(
#26443750
1+
#26450000
b11110 ;
b11110 ?
b1000000 #
b1000000 :
0+
1(
#26451000
b101000001 3
b11010 0
b11111 1
b1000000 E
#26456250
b11110 8
b11110 @
b11110 C
1+
#26460000
b10010001 F
0)
0(
#26462500
0+
#26468750
b11110 9
b11110 D
1+
#26470000
1(
#26475000
0+
#26480000
1)
b100111000111000100001101001110 G
0(
#26481250
1+
#26487500
0+
#26490000
b11111 ;
b11111 ?
b1110100 #
b1110100 :
1(
#26491000
b101000010 3
b11001 0
b100000 1
b1110100 E
#26493750
b11111 8
b11111 @
b11111 C
1+
#26500000
b10010010 F
0)
0+
0(
#26506250
b11111 9
b11111 D
1+
#26510000
1(
#26512500
0+
#26518750
1+
#26520000
b1001111110010100100000010 G
0(
#26525000
0+
#26530000
1(
#26531250
1+
#26537500
0+
#26540000
b10010011 F
0(
#26543750
1+
#26550000
0+
1(
#26556250
1+
#26560000
1)
b1011100011110010101000110111000 G
0(
#26562500
0+
#26568750
1+
#26570000
b100000 ;
b100000 ?
b11100001 #
b11100001 :
1(
#26571000
b101000011 3
b11000 0
b100001 1
b11100001 E
#26575000
0+
#26580000
b10010100 F
0)
0(
#26581250
b100000 8
b100000 @
b100000 C
1+
#26587500
0+
#26590000
1(
#26593750
b100000 9
b100000 D
1+
#26600000
1)
b10000100011111111011001000001000 G
0+
0(
#26606250
1+
#26610000
b100001 ;
b100001 ?
b1011010 #
b1011010 :
1(
#26611000
b101000100 3
b10111 0
b100010 1
b1011010 E
#26612500
0+
#26618750
b100001 8
b100001 @
b100001 C
1+
#26620000
b10010101 F
0)
0(
#26625000
0+
#26630000
1(
#26631250
b100001 9
b100001 D
1+
#26637500
0+
#26640000
1)
b1000110111001110101001110001101 G
0(
#26643750
1+
#26650000
b100010 ;
b100010 ?
b111011 #
b111011 :
0+
1(
#26651000
b101000101 3
b10110 0
b100011 1
b111011 E
#26656250
b100010 8
b100010 @
b100010 C
1+
#26660000
b10010110 F
0)
0(
#26662500
0+
#26668750
b100010 9
b100010 D
1+
#26670000
1(
#26675000
0+
#26680000
1)
b11010111101101001000111010101111 G
0(
#26681250
1+
#26687500
0+
#26690000
b100011 ;
b100011 ?
b10100000 #
b10100000 :
1(
#26691000
b101000110 3
b10101 0
b100100 1
b10100000 E
#26693750
b100011 8
b100011 @
b100011 C
1+
#26700000
b10010111 F
0)
0+
0(
#26706250
b100011 9
b100011 D
1+
#26710000
1(
#26712500
0+
#26718750
1+
#26720000
b1110100011100110011000111101000 G
0(
#26725000
0+
#26730000
1(
#26731250
1+
#26737500
0+
#26740000
b10011000 F
0(
#26743750
1+
#26750000
0+
1(
#26756250
1+
#26760000
1)
b1001000010110010000100110010000 G
0(
#26762500
0+
#26768750
1+
#26770000
b100100 ;
b100100 ?
b10011110 #
b10011110 :
1(
#26771000
b101000111 3
b10100 0
b100101 1
b10011110 E
#26775000
0+
#26780000
b10011001 F
0)
0(
#26781250
b100100 8
b100100 @
b100100 C
1+
#26787500
0+
#26790000
1(
#26793750
b100100 9
b100100 D
1+
#26800000
1)
b1111010111101101010101111110101 G
0+
0(
#26806250
1+
#26810000
b100101 ;
b100101 ?
b10010101 #
b10010101 :
1(
#26811000
b101001000 3
b10011 0
b100110 1
b10010101 E
#26812500
0+
#26818750
b100101 8
b100101 @
b100101 C
1+
#26820000
b10011010 F
0)
0(
#26825000
0+
#26830000
1(
#26831250
b100101 9
b100101 D
1+
#26837500
0+
#26840000
1)
b10100110001000001001000001001100 G
0(
#26843750
1+
#26850000
b100110 ;
b100110 ?
b11111000 #
b11111000 :
0+
1(
#26851000
b101001001 3
b10010 0
b100111 1
b11111000 E
#26856250
b100110 8
b100110 @
b100110 C
1+
#26860000
b10011011 F
0)
0(
#26862500
0+
#26868750
b100110 9
b100110 D
1+
#26870000
1(
#26875000
0+
#26880000
1)
b111101100000101011110101111011 G
0(
#26881250
1+
#26887500
0+
#26890000
b100111 ;
b100111 ?
b10000100 #
b10000100 :
1(
#26891000
b101001010 3
b10001 0
b101000 1
b10000100 E
#26893750
b100111 8
b100111 @
b100111 C
1+
#26900000
b10011100 F
0)
0+
0(
#26906250
b100111 9
b100111 D
1+
#26910000
1(
#26912500
0+
#26918750
1+
#26920000
b10100000000001011010011001000000 G
0(
#26925000
0+
#26930000
1(
#26931250
1+
#26937500
0+
#26940000
b10011101 F
0(
#26943750
1+
#26950000
0+
1(
#26956250
1+
#26960000
b10010101010010000001100100101 G
0(
#26962500
0+
#26968750
1+
#26970000
1(
#26975000
0+
#26980000
b10011110 F
0(
#26981250
1+
#26987500
0+
#26990000
1(
#26993750
1+
#27000000
b10000110111010111011011000001101 G
0+
0(
#27006250
1+
#27010000
1(
#27012500
0+
#27018750
1+
#27020000
b10011111 F
0(
#27025000
0+
#27030000
1(
#27031250
1+
#27037500
0+
#27040000
b10111000011111000001000001110000 G
0(
#27043750
1+
#27050000
0+
1(
#27056250
1+
#27060000
b10100000 F
0(
#27062500
0+
#27068750
1+
#27070000
1(
#27075000
0+
#27080000
1)
b10110110010111111100100101101 G
0(
#27081250
1+
#27087500
0+
#27090000
b101000 ;
b101000 ?
b1101010 #
b1101010 :
1(
#27091000
b101001011 3
b10000 0
b101001 1
b1101010 E
#27093750
b101000 8
b101000 @
b101000 C
1+
#27100000
b10100001 F
0)
0+
0(
#27106250
b101000 9
b101000 D
1+
#27110000
1(
#27112500
0+
#27118750
1+
#27120000
b10010100110111101101100000101001 G
0(
#27125000
0+
#27130000
1(
#27131250
1+
#27137500
0+
#27140000
b10100010 F
0(
#27143750
1+
#27150000
0+
1(
#27156250
1+
#27160000
1)
b1011110001001010101000110111100 G
0(
#27162500
0+
#27168750
1+
#27170000
b101001 ;
b101001 ?
b10100 #
b10100 :
1(
#27171000
b101001100 3
b1111 0
b101010 1
b10100 E
#27175000
0+
#27180000
b10100011 F
0)
0(
#27181250
b101001 8
b101001 @
b101001 C
1+
#27187500
0+
#27190000
1(
#27193750
b101001 9
b101001 D
1+
#27200000
1)
b10011000011110110000100000110000 G
0+
0(
#27206250
1+
#27210000
b101010 ;
b101010 ?
b11101000 #
b11101000 :
1(
#27211000
b101001101 3
b1110 0
b101011 1
b11101000 E
#27212500
0+
#27218750
b101010 8
b101010 @
b101010 C
1+
#27220000
b10100100 F
0)
0(
#27225000
0+
#27230000
1(
#27231250
b101010 9
b101010 D
1+
#27237500
0+
#27240000
1)
b1100000001001110010110111000000 G
0(
#27243750
1+
#27250000
b101011 ;
b101011 ?
b111001 #
b111001 :
0+
1(
#27251000
b101001110 3
b1101 0
b101100 1
b111001 E
#27256250
b101011 8
b101011 @
b101011 C
1+
#27260000
b10100101 F
0)
0(
#27262500
0+
#27268750
b101011 9
b101011 D
1+
#27270000
1(
#27275000
0+
#27280000
1)
b101000011101100110100101010000 G
0(
#27281250
1+
#27287500
0+
#27290000
b101100 ;
b101100 ?
b10110000 #
b10110000 :
1(
#27291000
b101001111 3
b1100 0
b101101 1
b10110000 E
#27293750
b101100 8
b101100 @
b101100 C
1+
#27300000
b10100110 F
0)
0+
0(
#27306250
b101100 9
b101100 D
1+
#27310000
1(
#27312500
0+
#27318750
1+
#27320000
1)
b11010000110011110110101010100001 G
0(
#27325000
0+
#27330000
b101101 ;
b101101 ?
b11100 #
b11100 :
1(
#27331000
b101010000 3
b1011 0
b101110 1
b11100 E
#27331250
b101101 8
b101101 @
b101101 C
1+
#27337500
0+
#27340000
b10100111 F
0)
0(
#27343750
b101101 9
b101101 D
1+
#27350000
0+
1(
#27356250
1+
#27360000
b100110101111110011111101001101 G
0(
#27362500
0+
#27368750
1+
#27370000
1(
#27375000
0+
#27380000
b10101000 F
0(
#27381250
1+
#27387500
0+
#27390000
1(
#27393750
1+
#27400000
1)
b11111010111100110010111011110101 G
0+
0(
#27406250
1+
#27410000
b101110 ;
b101110 ?
b101011 #
b101011 :
1(
#27411000
b101010001 3
b1010 0
b101111 1
b101011 E
#27412500
0+
#27418750
b101110 8
b101110 @
b101110 C
1+
#27420000
b10101001 F
0)
0(
#27425000
0+
#27430000
1(
#27431250
b101110 9
b101110 D
1+
#27437500
0+
#27440000
1)
b1111010100001111010111111110101 G
0(
#27443750
1+
#27450000
b101111 ;
b101111 ?
b1011001 #
b1011001 :
0+
1(
#27451000
b101010010 3
b1001 0
b110000 1
b1011001 E
#27456250
b101111 8
b101111 @
b101111 C
1+
#27460000
b10101010 F
0)
0(
#27462500
0+
#27468750
b101111 9
b101111 D
1+
#27470000
1(
#27475000
0+
#27480000
b10101110111010101100110001011101 G
0(
#27481250
1+
#27487500
0+
#27490000
1(
#27493750
1+
#27500000
b10101011 F
0+
0(
#27506250
1+
#27510000
1(
#27512500
0+
#27518750
1+
#27520000
1)
b11001010010010000001001010010100 G
0(
#27525000
0+
#27530000
b110000 ;
b110000 ?
b10111011 #
b10111011 :
1(
#27531000
b101010011 3
b1000 0
b110001 1
b10111011 E
#27531250
b110000 8
b110000 @
b110000 C
1+
#27537500
0+
#27540000
b10101100 F
0)
0(
#27543750
b110000 9
b110000 D
1+
#27550000
0+
1(
#27556250
1+
#27560000
1)
b10110101010110001010011001101010 G
0(
#27562500
0+
#27568750
1+
#27570000
b110001 ;
b110001 ?
b1101001 #
b1101001 :
1(
#27571000
b101010100 3
b111 0
b110010 1
b1101001 E
#27575000
0+
#27580000
b10101101 F
0)
0(
#27581250
b110001 8
b110001 @
b110001 C
1+
#27587500
0+
#27590000
1(
#27593750
b110001 9
b110001 D
1+
#27600000
1)
b1011110011000000110010110111100 G
0+
0(
#27606250
1+
#27610000
b110010 ;
b110010 ?
b10010000 #
b10010000 :
1(
#27611000
b101010101 3
b110 0
b110011 1
b10010000 E
#27612500
0+
#27618750
b110010 8
b110010 @
b110010 C
1+
#27620000
b10101110 F
0)
0(
#27625000
0+
#27630000
1(
#27631250
b110010 9
b110010 D
1+
#27637500
0+
#27640000
1)
b11011100010000110000100010111000 G
0(
#27643750
1+
#27650000
b110011 ;
b110011 ?
b11000100 #
b11000100 :
0+
1(
#27651000
b101010110 3
b101 0
b110100 1
b11000100 E
#27656250
b110011 8
b110011 @
b110011 C
1+
#27660000
b10101111 F
0)
0(
#27662500
0+
#27668750
b110011 9
b110011 D
1+
#27670000
1(
#27675000
0+
#27680000
1)
b11001111001100001001110010011110 G
0(
#27681250
1+
#27687500
0+
#27690000
b110100 ;
b110100 ?
b10101111 #
b10101111 :
1(
#27691000
b101010111 3
b100 0
b110101 1
b10101111 E
#27693750
b110100 8
b110100 @
b110100 C
1+
#27700000
b10110000 F
0)
0+
0(
#27706250
b110100 9
b110100 D
1+
#27710000
1(
#27712500
0+
#27718750
1+
#27720000
1)
b11111101011110010000011011111010 G
0(
#27725000
0+
#27730000
b110101 ;
b110101 ?
b1100000 #
b1100000 :
1(
#27731000
b101011000 3
b11 0
b110110 1
b1100000 E
#27731250
b110101 8
b110101 @
b110101 C
1+
#27737500
0+
#27740000
b10110001 F
0)
0(
#27743750
b110101 9
b110101 D
1+
#27750000
0+
1(
#27756250
1+
#27760000
1)
b100011010000000000101101000110 G
0(
#27762500
0+
#27768750
1+
#27770000
b110110 ;
b110110 ?
b1100100 #
b1100100 :
1(
#27771000
b101011001 3
b10 0
b110111 1
b1100100 E
#27775000
0+
#27780000
b10110010 F
0)
0(
#27781250
b110110 8
b110110 @
b110110 C
1+
#27787500
0+
#27790000
1(
#27793750
b110110 9
b110110 D
1+
#27800000
b10000011111110100110010000000111 G
0+
0(
#27806250
1+
#27810000
1(
#27812500
0+
#27818750
1+
#27820000
b10110011 F
0(
#27825000
0+
#27830000
1(
#27831250
1+
#27837500
0+
#27840000
b11001001110010111011110010010011 G
0(
#27843750
1+
#27850000
0+
1(
#27856250
1+
#27860000
b10110100 F
0(
#27862500
0+
#27868750
1+
#27870000
1(
#27875000
0+
#27880000
1)
b10101010110110100111010001010101 G
0(
#27881250
1+
#27887500
0+
#27890000
b110111 ;
b110111 ?
b10000001 #
b10000001 :
1(
#27891000
b101011010 3
b1 0
b111000 1
b10000001 E
#27893750
b110111 8
b110111 @
b110111 C
1+
#27900000
b10110101 F
0)
0+
0(
#27906250
b110111 9
b110111 D
1+
#27910000
1(
#27912500
0+
#27918750
1+
#27920000
b1011011110100111101101110110111 G
0(
#27925000
0+
#27930000
1(
#27931250
1+
#27937500
0+
#27940000
b10110110 F
0(
#27943750
1+
#27950000
0+
1(
#27956250
1+
#27960000
b100010110101011111000101000101 G
0(
#27962500
0+
#27968750
1+
#27970000
1(
#27975000
0+
#27980000
b10110111 F
0(
#27981250
1+
#27987500
0+
#27990000
1(
#27993750
1+
#28000000
b10110001100000000000101001100011 G
0+
0(
#28006250
1+
#28010000
1(
#28012500
0+
#28018750
1+
#28020000
b10111000 F
0(
#28025000
0+
#28030000
1(
#28031250
1+
#28037500
0+
#28040000
1)
b10101100100100111110000001011001 G
0(
#28043750
1+
#28050000
1"
b111000 ;
b111000 ?
b10111001 #
b10111001 :
0+
1(
#28051000
b101011011 3
b0 0
b111001 1
b10111001 E
#28056250
b111000 8
b111000 @
b111000 C
1+
#28060000
b10111001 F
0)
0(
#28062500
0+
#28068750
b111000 9
b111000 D
1+
#28070000
1(
#28075000
0+
#28080000
b10010011011100101100111000100110 G
0(
#28081250
1+
#28087500
0+
#28090000
1(
#28093750
1+
#28100000
b10111010 F
0+
0(
#28106250
1+
#28110000
1(
#28112500
0+
#28118750
1+
#28120000
b10110100010010010111011001101000 G
0(
#28125000
0+
#28130000
1(
#28131250
1+
#28137500
0+
#28140000
b10111011 F
0(
#28143750
1+
#28150000
0+
1(
#28156250
1+
#28160000
b10001111011000111110010000011110 G
0(
#28162500
0+
#28168750
1+
#28170000
1(
#28175000
0+
#28180000
b10111100 F
0(
#28181250
1+
#28187500
0+
#28190000
1(
#28193750
1+
#28200000
b11001000001110001111010010010000 G
0+
0(
#28206250
1+
#28210000
1(
#28212500
0+
#28218750
1+
#28220000
b10111101 F
0(
#28225000
0+
#28230000
1(
#28231250
1+
#28237500
0+
#28240000
b101101000110011010010101011010 G
0(
#28243750
1+
#28250000
0+
1(
#28256250
1+
#28260000
b10111110 F
0(
#28262500
0+
#28268750
1+
#28270000
1(
#28275000
0+
#28280000
b1110010000111000010100011100 G
0(
#28281250
1+
#28287500
0+
#28290000
1(
#28293750
1+
#28300000
b10111111 F
0+
0(
#28306250
1+
#28310000
1(
#28312500
0+
#28318750
1+
#28320000
b1011100100110010110011110111001 G
0(
#28325000
0+
#28330000
1(
#28331250
1+
#28337500
0+
#28340000
b11000000 F
0(
#28343750
1+
#28350000
0+
1(
#28356250
1+
#28360000
b1010101100001100001111110101011 G
0(
#28362500
0+
#28368750
1+
#28370000
1(
#28375000
0+
#28380000
b11000001 F
0(
#28381250
1+
#28387500
0+
#28390000
1(
#28393750
1+
#28400000
b1101000001001101101100111010000 G
0+
0(
#28406250
1+
#28410000
1(
#28412500
0+
#28418750
1+
#28420000
b11000010 F
0(
#28425000
0+
#28430000
1(
#28431250
1+
#28437500
0+
#28440000
b110111101110010110010101101111 G
0(
#28443750
1+
#28450000
0+
1(
#28456250
1+
#28460000
b11000011 F
0(
#28462500
0+
#28468750
1+
#28470000
1(
#28475000
0+
#28480000
b1101100011010100110110111011000 G
0(
#28481250
1+
#28487500
0+
#28490000
1(
#28493750
1+
#28500000
b11000100 F
0+
0(
#28506250
1+
#28510000
1(
#28512500
0+
#28518750
1+
#28520000
b10100010110011001000100001000101 G
0(
#28525000
0+
#28530000
1(
#28531250
1+
#28537500
0+
#28540000
b11000101 F
0(
#28543750
1+
#28550000
0+
1(
#28556250
1+
#28560000
b1000110110101101010011110001101 G
0(
#28562500
0+
#28568750
1+
#28570000
1(
#28575000
0+
#28580000
b11000110 F
0(
#28581250
1+
#28587500
0+
#28590000
1(
#28593750
1+
#28600000
b1000101111100110010001110001011 G
0+
0(
#28606250
1+
#28610000
1(
#28612500
0+
#28618750
1+
#28620000
b11000111 F
0(
#28625000
0+
#28630000
1(
#28631250
1+
#28637500
0+
#28640000
b1111110001001001001000111111100 G
0(
#28643750
1+
#28650000
0+
1(
#28656250
1+
#28660000
b11001000 F
0(
#28662500
0+
#28668750
1+
#28670000
1(
#28675000
0+
#28680000
b1101110000111100001111111011100 G
0(
#28681250
1+
#28687500
0+
#28690000
1(
#28693750
1+
#28700000
b11001001 F
0+
0(
#28706250
1+
#28710000
1(
#28712500
0+
#28718750
1+
#28720000
b11010010011111110000101010100100 G
0(
#28725000
0+
#28730000
1(
#28731250
1+
#28737500
0+
#28740000
b11001010 F
0(
#28743750
1+
#28750000
0+
1(
#28756250
1+
#28760000
b1100100101111000110100011001 G
0(
#28762500
0+
#28768750
1+
#28770000
1(
#28775000
0+
#28780000
b11001011 F
0(
#28781250
1+
#28787500
0+
#28790000
1(
#28793750
1+
#28800000
b1010010101101010011001110100101 G
0+
0(
#28806250
1+
#28810000
1(
#28812500
0+
#28818750
1+
#28820000
b11001100 F
0(
#28825000
0+
#28830000
1(
#28831250
1+
#28837500
0+
#28840000
b10011111001110011000111000111110 G
0(
#28843750
1+
#28850000
0+
1(
#28856250
1+
#28860000
b11001101 F
0(
#28862500
0+
#28868750
1+
#28870000
1(
#28875000
0+
#28880000
b11111001100010111100000011110011 G
0(
#28881250
1+
#28887500
0+
#28890000
1(
#28893750
1+
#28900000
b11001110 F
0+
0(
#28906250
1+
#28910000
1(
#28912500
0+
#28918750
1+
#28920000
b10101100011110000010110001011000 G
0(
#28925000
0+
#28930000
1(
#28931250
1+
#28937500
0+
#28940000
b11001111 F
0(
#28943750
1+
#28950000
0+
1(
#28956250
1+
#28960000
b1100010000001010110101111000100 G
0(
#28962500
0+
#28968750
1+
#28970000
1(
#28975000
0+
#28980000
b11010000 F
0(
#28981250
1+
#28987500
0+
#28990000
1(
#28993750
1+
#29000000
b101110001101100100001101011100 G
0+
0(
#29006250
1+
#29010000
1(
#29012500
0+
#29018750
1+
#29020000
b11010001 F
0(
#29025000
0+
#29030000
1(
#29031250
1+
#29037500
0+
#29040000
b11001110100100010100000110 G
0(
#29043750
1+
#29050000
0+
1(
#29056250
1+
#29060000
b11010010 F
0(
#29062500
0+
#29068750
1+
#29070000
1(
#29075000
0+
#29080000
b11001101000111010101000010011010 G
0(
#29081250
1+
#29087500
0+
#29090000
1(
#29093750
1+
#29100000
b11010011 F
0+
0(
#29106250
1+
#29110000
1(
#29112500
0+
#29118750
1+
#29120000
b1100000101100001100100011000 G
0(
#29125000
0+
#29130000
1(
#29131250
1+
#29137500
0+
#29140000
b11010100 F
0(
#29143750
1+
#29150000
0+
1(
#29156250
1+
#29160000
b11100010111100000110011011000101 G
0(
#29162500
0+
#29168750
1+
#29170000
1(
#29175000
0+
#29180000
b11010101 F
0(
#29181250
1+
#29187500
0+
#29190000
1(
#29193750
1+
#29200000
b1010101000101011101000110101010 G
0+
0(
#29206250
1+
#29210000
1(
#29212500
0+
#29218750
1+
#29220000
b11010110 F
0(
#29225000
0+
#29230000
1(
#29231250
1+
#29237500
0+
#29240000
b1101000100100000001100011010 G
0(
#29243750
1+
#29250000
0+
1(
#29256250
1+
#29260000
b11010111 F
0(
#29262500
0+
#29268750
1+
#29270000
1(
#29275000
0+
#29280000
b1100001110110111101010111000011 G
0(
#29281250
1+
#29287500
0+
#29290000
1(
#29293750
1+
#29300000
b11011000 F
0+
0(
#29306250
1+
#29310000
1(
#29312500
0+
#29318750
1+
#29320000
b1011001001101001110100110110010 G
0(
#29325000
0+
#29330000
1(
#29331250
1+
#29337500
0+
#29340000
b11011001 F
0(
#29343750
1+
#29350000
0+
1(
#29356250
1+
#29360000
b110001100110110001100001100 G
0(
#29362500
0+
#29368750
1+
#29370000
1(
#29375000
0+
#29380000
b11011010 F
0(
#29381250
1+
#29387500
0+
#29390000
1(
#29393750
1+
#29400000
b11110100111100000000111011101001 G
0+
0(
#29406250
1+
#29410000
1(
#29412500
0+
#29418750
1+
#29420000
b11011011 F
0(
#29425000
0+
#29430000
1(
#29431250
1+
#29437500
0+
#29440000
b1100001110110101111110111000011 G
0(
#29443750
1+
#29450000
0+
1(
#29456250
1+
#29460000
b11011100 F
0(
#29462500
0+
#29468750
1+
#29470000
1(
#29475000
0+
#29480000
b1110101101011010111001111101011 G
0(
#29481250
1+
#29487500
0+
#29490000
1(
#29493750
1+
#29500000
b11011101 F
0+
0(
#29506250
1+
#29510000
1(
#29512500
0+
#29518750
1+
#29520000
b1111100001011011011100111111000 G
0(
#29525000
0+
#29530000
1(
#29531250
1+
#29537500
0+
#29540000
b11011110 F
0(
#29543750
1+
#29550000
0+
1(
#29556250
1+
#29560000
b1111001001011000000001111110010 G
0(
#29562500
0+
#29568750
1+
#29570000
1(
#29575000
0+
#29580000
b11011111 F
0(
#29581250
1+
#29587500
0+
#29590000
1(
#29593750
1+
#29600000
b1000100100000111010110110001001 G
0+
0(
#29606250
1+
#29610000
1(
#29612500
0+
#29618750
1+
#29620000
b11100000 F
0(
#29625000
0+
#29630000
1(
#29631250
1+
#29637500
0+
#29640000
b110111100011000111001101101111 G
0(
#29643750
1+
#29650000
0+
1(
#29656250
1+
#29660000
b11100001 F
0(
#29662500
0+
#29668750
1+
#29670000
1(
#29675000
0+
#29680000
b1101111000010100101100011011 G
0(
#29681250
1+
#29687500
0+
#29690000
1(
#29693750
1+
#29700000
b11100010 F
0+
0(
#29706250
1+
#29710000
1(
#29712500
0+
#29718750
1+
#29720000
b11010110101000010010100010101101 G
0(
#29725000
0+
#29730000
1(
#29731250
1+
#29737500
0+
#29740000
b11100011 F
0(
#29743750
1+
#29750000
0+
1(
#29756250
1+
#29760000
b110100010011011100000101101000 G
0(
#29762500
0+
#29768750
1+
#29770000
1(
#29775000
0+
#29780000
b11100100 F
0(
#29781250
1+
#29787500
0+
#29790000
1(
#29793750
1+
#29800000
b10010010111110010001001000100101 G
0+
0(
#29806250
1+
#29810000
1(
#29812500
0+
#29818750
1+
#29820000
b11100101 F
0(
#29825000
0+
#29830000
1(
#29831250
1+
#29837500
0+
#29840000
b1100111111010000101011111001111 G
0(
#29843750
1+
#29850000
0+
1(
#29856250
1+
#29860000
b11100110 F
0(
#29862500
0+
#29868750
1+
#29870000
1(
#29875000
0+
#29880000
b1010101110111011000110110101011 G
0(
#29881250
1+
#29887500
0+
#29890000
1(
#29893750
1+
#29900000
b11100111 F
0+
0(
#29906250
1+
#29910000
1(
#29912500
0+
#29918750
1+
#29920000
b10001101100101001101001000011011 G
0(
#29925000
0+
#29930000
1(
#29931250
1+
#29937500
0+
#29940000
b11101000 F
0(
#29943750
1+
#29950000
0+
1(
#29956250
1+
#29960000
b11000000001110110011111010000000 G
0(
#29962500
0+
#29968750
1+
#29970000
1(
#29975000
0+
#29980000
b11101001 F
0(
#29981250
1+
#29987500
0+
#29990000
1(
#29993750
1+
#30000000
b101110110101101101100101011101 G
0+
0(
#30006250
1+
#30010000
1(
#30012500
0+
#30018750
1+
#30020000
b11101010 F
0(
#30025000
0+
#30030000
1(
#30031250
1+
#30037500
0+
#30040000
b1000001001011011111110110000010 G
0(
#30043750
1+
#30050000
0+
1(
#30056250
1+
#30060000
b11101011 F
0(
#30062500
0+
#30068750
1+
#30070000
1(
#30075000
0+
#30080000
b10000010001101000100001000000100 G
0(
#30081250
1+
#30087500
0+
#30090000
1(
#30093750
1+
#30100000
b11101100 F
0+
0(
#30106250
1+
#30110000
1(
#30112500
0+
#30118750
1+
#30120000
b101011101001111010010101010111 G
0(
#30125000
0+
#30130000
1(
#30131250
1+
#30137500
0+
#30140000
b11101101 F
0(
#30143750
1+
#30150000
0+
1(
#30156250
1+
#30160000
b11011001101101000101100110110 G
0(
#30162500
0+
#30168750
1+
#30170000
1(
#30175000
0+
#30180000
b11101110 F
0(
#30181250
1+
#30187500
0+
#30190000
1(
#30193750
1+
#30200000
b11001011010100000001100110010 G
0+
0(
#30206250
1+
#30210000
1(
#30212500
0+
#30218750
1+
#30220000
b11101111 F
0(
#30225000
0+
#30230000
1(
#30231250
1+
#30237500
0+
#30240000
b10111100111000110010100001111001 G
0(
#30243750
1+
#30250000
0+
1(
#30256250
1+
#30260000
b11110000 F
0(
#30262500
0+
#30268750
1+
#30270000
1(
#30275000
0+
#30280000
b11110010010010111010111011100100 G
0(
#30281250
1+
#30287500
0+
#30290000
1(
#30293750
1+
#30300000
b11110001 F
0+
0(
#30306250
1+
#30310000
1(
#30312500
0+
#30318750
1+
#30320000
b10001011010000101110110000010110 G
0(
#30325000
0+
#30330000
1(
#30331250
1+
#30337500
0+
#30340000
b11110010 F
0(
#30343750
1+
#30350000
0+
1(
#30356250
1+
#30360000
b11010101011111111110110010101010 G
0(
#30362500
0+
#30368750
1+
#30370000
1(
#30375000
0+
#30380000
b11110011 F
0(
#30381250
1+
#30387500
0+
#30390000
1(
#30393750
1+
#30400000
b1100000010100000110010111000000 G
0+
0(
#30406250
1+
#30410000
1(
#30412500
0+
#30418750
1+
#30420000
b11110100 F
0(
#30425000
0+
#30430000
1(
#30431250
1+
#30437500
0+
#30440000
b10010111010110011000100000101110 G
0(
#30443750
1+
#30450000
0+
1(
#30456250
1+
#30460000
b11110101 F
0(
#30462500
0+
#30468750
1+
#30470000
1(
#30475000
0+
#30480000
b1000110011001010011011110001100 G
0(
#30481250
1+
#30487500
0+
#30490000
1(
#30493750
1+
#30500000
b11110110 F
0+
0(
#30506250
1+
#30510000
1(
#30512500
0+
#30518750
1+
#30520000
b10111000110000001100001001110001 G
0(
#30525000
0+
#30530000
1(
#30531250
1+
#30537500
0+
#30540000
b11110111 F
0(
#30543750
1+
#30550000
0+
1(
#30556250
1+
#30560000
b1111101111111101000111111111011 G
0(
#30562500
0+
#30568750
1+
#30570000
1(
#30575000
0+
#30580000
b11111000 F
0(
#30581250
1+
#30587500
0+
#30590000
1(
#30593750
1+
#30600000
b1011110010101000010000110111100 G
0+
0(
#30606250
1+
#30610000
1(
#30612500
0+
#30618750
1+
#30620000
b11111001 F
0(
#30625000
0+
#30630000
1(
#30631250
1+
#30637500
0+
#30640000
b11101110011100000110100011011100 G
0(
#30643750
1+
#30650000
0+
1(
#30656250
1+
#30660000
b11111010 F
0(
#30662500
0+
#30668750
1+
#30670000
1(
#30675000
0+
#30680000
b1011111011000101011100010111 G
0(
#30681250
1+
#30687500
0+
#30690000
1(
#30693750
1+
#30700000
b11111011 F
0+
0(
#30706250
1+
#30710000
1(
#30712500
0+
#30718750
1+
#30720000
b11100000111000000000010011000001 G
0(
#30725000
0+
#30730000
1(
#30731250
1+
#30737500
0+
#30740000
b11111100 F
0(
#30743750
1+
#30750000
0+
1(
#30756250
1+
#30760000
b1110101111110110010000111101011 G
0(
#30762500
0+
#30768750
1+
#30770000
1(
#30775000
0+
#30780000
b11111101 F
0(
#30781250
1+
#30787500
0+
#30790000
1(
#30793750
1+
#30800000
b1011010100111010011101110110101 G
0+
0(
#30806250
1+
#30810000
1(
#30812500
0+
#30818750
1+
#30820000
b11111110 F
0(
#30825000
0+
#30830000
1(
#30831250
1+
#30837500
0+
#30840000
b11000100111111010010111010001001 G
0(
#30843750
1+
#30850000
0+
1(
#30856250
1+
#30860000
b11111111 F
0(
#30862500
0+
#30868750
1+
#30870000
1(
#30875000
0+
#30880000
b11000111101100101110001010001111 G
0(
#30881250
1+
#30887500
0+
#30890000
1(
#30893750
1+
#30900000
b100000000 F
0+
0(
#30906250
1+
#30910000
1(
#30912500
0+
#30918750
1+
#30920000
b11011111111101101111011010111111 G
0(
#30925000
0+
#30930000
1(
#30931250
1+
#30937500
0+
#30940000
b100000001 F
0(
#30943750
1+
#30950000
0+
1(
#30956250
1+
#30960000
b11011000010001100010101010110000 G
0(
#30962500
0+
#30968750
1+
#30970000
1(
#30975000
0+
#30980000
b100000010 F
0(
#30981250
1+
#30987500
0+
#30990000
1(
#30993750
1+
#31000000
b11101001101101001001101011010011 G
0+
0(
#31006250
1+
#31010000
1(
#31012500
0+
#31018750
1+
#31020000
b100000011 F
0(
#31025000
0+
#31030000
1(
#31031250
1+
#31037500
0+
#31040000
b11101011000111010000001011010110 G
0(
#31043750
1+
#31050000
0+
1(
#31056250
1+
#31060000
b100000100 F
0(
#31062500
0+
#31068750
1+
#31070000
1(
#31075000
0+
#31080000
b11000001010001001100110010000010 G
0(
#31081250
1+
#31087500
0+
#31090000
1(
#31093750
1+
#31100000
b100000101 F
0+
0(
#31106250
1+
#31110000
1(
#31112500
0+
#31118750
1+
#31120000
b1101011000110111010100011010 G
0(
#31125000
0+
#31130000
1(
#31131250
1+
#31137500
0+
#31140000
b100000110 F
0(
#31143750
1+
#31150000
0+
1(
#31156250
1+
#31160000
b111000111001101010011101110001 G
0(
#31162500
0+
#31168750
1+
#31170000
1(
#31175000
0+
#31180000
b100000111 F
0(
#31181250
1+
#31187500
0+
#31190000
1(
#31193750
1+
#31200000
b11101011100010000000010011010111 G
0+
0(
#31206250
1+
#31210000
1(
#31212500
0+
#31218750
1+
#31220000
b100001000 F
0(
#31225000
0+
#31230000
1(
#31231250
1+
#31237500
0+
#31240000
b10000111011000101000111000001110 G
0(
#31243750
1+
#31250000
0+
1(
#31256250
1+
#31260000
b100001001 F
0(
#31262500
0+
#31268750
1+
#31270000
1(
#31275000
0+
#31280000
b11111000110001110001010011110001 G
0(
#31281250
1+
#31287500
0+
#31290000
1(
#31293750
1+
#31300000
b100001010 F
0+
0(
#31306250
1+
#31310000
1(
#31312500
0+
#31318750
1+
#31320000
b1100110100001100001110111001101 G
0(
#31325000
0+
#31330000
1(
#31331250
1+
#31337500
0+
#31340000
b100001011 F
0(
#31343750
1+
#31350000
0+
1(
#31356250
1+
#31360000
b10101111010100001100000101 G
0(
#31362500
0+
#31368750
1+
#31370000
1(
#31375000
0+
#31380000
b100001100 F
0(
#31381250
1+
#31387500
0+
#31390000
1(
#31393750
1+
#31400000
b1110001110101110101100011100 G
0+
0(
#31406250
1+
#31410000
1(
#31412500
0+
#31418750
1+
#31420000
b100001101 F
0(
#31425000
0+
#31430000
1(
#31431250
1+
#31437500
0+
#31440000
b1001100000110001100011110011000 G
0(
#31443750
1+
#31450000
0+
1(
#31456250
1+
#31460000
b100001110 F
0(
#31462500
0+
#31468750
1+
#31470000
1(
#31475000
0+
#31480000
b11110110011100001000100011101100 G
0(
#31481250
1+
#31487500
0+
#31490000
1(
#31493750
1+
#31500000
b100001111 F
0+
0(
#31506250
1+
#31510000
1(
#31512500
0+
#31518750
1+
#31520000
b10010101010000011101011000101010 G
0(
#31525000
0+
#31530000
1(
#31531250
1+
#31537500
0+
#31540000
b100010000 F
0(
#31543750
1+
#31550000
0+
1(
#31556250
1+
#31560000
b10110010110100010100101001100101 G
0(
#31562500
0+
#31568750
1+
#31570000
1(
#31575000
0+
#31580000
b100010001 F
0(
#31581250
1+
#31587500
0+
#31590000
1(
#31593750
1+
#31600000
b11011100100100000010100110111 G
0+
0(
#31606250
1+
#31610000
1(
#31612500
0+
#31618750
1+
#31620000
b100010010 F
0(
#31625000
0+
#31630000
1(
#31631250
1+
#31637500
0+
#31640000
b10000001111110100011011000000011 G
0(
#31643750
1+
#31650000
0+
1(
#31656250
1+
#31660000
b100010011 F
0(
#31662500
0+
#31668750
1+
#31670000
1(
#31675000
0+
#31680000
b11111111011100101001111011111110 G
0(
#31681250
1+
#31687500
0+
#31690000
1(
#31693750
1+
#31700000
b100010100 F
0+
0(
#31706250
1+
#31710000
1(
#31712500
0+
#31718750
1+
#31720000
b11111110101011011101110011111101 G
0(
#31725000
0+
#31730000
1(
#31731250
1+
#31737500
0+
#31740000
b100010101 F
0(
#31743750
1+
#31750000
0+
1(
#31756250
1+
#31760000
b10011111011110100000111000111110 G
0(
#31762500
0+
#31768750
1+
#31770000
1(
#31775000
0+
#31780000
b100010110 F
0(
#31781250
1+
#31787500
0+
#31790000
1(
#31793750
1+
#31800000
b11110100001110100011010011101000 G
0+
0(
#31806250
1+
#31810000
1(
#31812500
0+
#31818750
1+
#31820000
b100010111 F
0(
#31825000
0+
#31830000
1(
#31831250
1+
#31837500
0+
#31840000
b10111010011000000011100001110100 G
0(
#31843750
1+
#31850000
0+
1(
#31856250
1+
#31860000
b100011000 F
0(
#31862500
0+
#31868750
1+
#31870000
1(
#31875000
0+
#31880000
b1011000000010011000100110110000 G
0(
#31881250
1+
#31887500
0+
#31890000
1(
#31893750
1+
#31900000
b100011001 F
0+
0(
#31906250
1+
#31910000
1(
#31912500
0+
#31918750
1+
#31920000
b10000011011000011101110000000110 G
0(
#31925000
0+
#31930000
1(
#31931250
1+
#31937500
0+
#31940000
b100011010 F
0(
#31943750
1+
#31950000
0+
1(
#31956250
1+
#31960000
b1001000101100100110100010010 G
0(
#31962500
0+
#31968750
1+
#31970000
1(
#31975000
0+
#31980000
b100011011 F
0(
#31981250
1+
#31987500
0+
#31990000
1(
#31993750
1+
#32000000
b10110100011010101111110001101000 G
0+
0(
#32006250
1+
#32010000
1(
#32012500
0+
#32018750
1+
#32020000
b100011100 F
0(
#32025000
0+
#32030000
1(
#32031250
1+
#32037500
0+
#32040000
b11100010101110100000000011000101 G
0(
#32043750
1+
#32050000
0+
1(
#32056250
1+
#32060000
b100011101 F
0(
#32062500
0+
#32068750
1+
#32070000
1(
#32075000
0+
#32080000
b11111111001000000010111011111110 G
0(
#32081250
1+
#32087500
0+
#32090000
1(
#32093750
1+
#32100000
b100011110 F
0+
0(
#32106250
1+
#32110000
1(
#32112500
0+
#32118750
1+
#32120000
b11011000011110000110100110110 G
0(
#32125000
0+
#32130000
1(
#32131250
1+
#32137500
0+
#32140000
b100011111 F
0(
#32143750
1+
#32150000
0+
1(
#32156250
1+
#32160000
b1111001100111110000100111110011 G
0(
#32162500
0+
#32168750
1+
#32170000
1(
#32175000
0+
#32180000
b100100000 F
0(
#32181250
1+
#32187500
0+
#32190000
1(
#32193750
1+
#32200000
b1111101110111011010101111111011 G
0+
0(
#32206250
1+
#32210000
1(
#32212500
0+
#32218750
1+
#32220000
b100100001 F
0(
#32225000
0+
#32230000
1(
#32231250
1+
#32237500
0+
#32240000
b10110101100011010111110001101011 G
0(
#32243750
1+
#32250000
0+
1(
#32256250
1+
#32260000
b100100010 F
0(
#32262500
0+
#32268750
1+
#32270000
1(
#32275000
0+
#32280000
b1011110010111011111100010111 G
0(
#32281250
1+
#32287500
0+
#32290000
1(
#32293750
1+
#32300000
b100100011 F
0+
0(
#32306250
1+
#32310000
1(
#32312500
0+
#32318750
1+
#32320000
b10000111110100000011011000001111 G
0(
#32325000
0+
#32330000
1(
#32331250
1+
#32337500
0+
#32340000
b100100100 F
0(
#32343750
1+
#32350000
0+
1(
#32356250
1+
#32360000
b10001010010001111011011000010100 G
0(
#32362500
0+
#32368750
1+
#32370000
1(
#32375000
0+
#32380000
b100100101 F
0(
#32381250
1+
#32387500
0+
#32390000
1(
#32393750
1+
#32400000
b10101000000000000010100101010 G
0+
0(
#32406250
1+
#32410000
1(
#32412500
0+
#32418750
1+
#32420000
b100100110 F
0(
#32425000
0+
#32430000
1(
#32431250
1+
#32437500
0+
#32440000
b11010011011001100110111010100110 G
0(
#32443750
1+
#32450000
0+
1(
#32456250
1+
#32460000
b100100111 F
0(
#32462500
0+
#32468750
1+
#32470000
1(
#32475000
0+
#32480000
b11101010011101100010011011010100 G
0(
#32481250
1+
#32487500
0+
#32490000
1(
#32493750
1+
#32500000
b100101000 F
0+
0(
#32506250
1+
#32510000
1(
#32512500
0+
#32518750
1+
#32520000
b11100101101011000001000011001011 G
0(
#32525000
0+
#32530000
1(
#32531250
1+
#32537500
0+
#32540000
b100101001 F
0(
#32543750
1+
#32550000
0+
1(
#32556250
1+
#32560000
b10110101100001111100001001101011 G
0(
#32562500
0+
#32568750
1+
#32570000
1(
#32575000
0+
#32580000
b100101010 F
0(
#32581250
1+
#32587500
0+
#32590000
1(
#32593750
1+
#32600000
b10011101111110101100000100 G
0+
0(
#32606250
1+
#32610000
1(
#32612500
0+
#32618750
1+
#32620000
b100101011 F
0(
#32625000
0+
#32630000
1(
#32631250
1+
#32637500
0+
#32640000
b11111010010010000011001011110100 G
0(
#32643750
1+
#32650000
0+
1(
#32656250
1+
#32660000
b100101100 F
0(
#32662500
0+
#32668750
1+
#32670000
1(
#32675000
0+
#32680000
0(
#32681250
1+
#32687500
0+
#32690000
1(
#32693750
1+
#32700000
0+
0(
#32706250
1+
#32710000
1(
#32712500
0+
#32718750
1+
#32720000
0(
#32725000
0+
#32730000
1(
#32731250
1+
#32737500
0+
#32740000
0(
#32743750
1+
#32750000
0+
1(
#32756250
1+
#32760000
0(
#32762500
0+
#32768750
1+
#32770000
1(
#32775000
0+
#32780000
0(
#32781250
1+
#32787500
0+
#32790000
1(
#32793750
1+
#32800000
0+
0(
#32806250
1+
#32810000
1(
#32812500
0+
#32818750
1+
#32820000
0(
#32825000
0+
#32830000
1(
#32831250
1+
#32837500
0+
#32840000
0(
#32843750
1+
#32850000
0+
1(
#32856250
1+
#32860000
0(
#32862500
0+
#32868750
1+
#32870000
1(
#32875000
0+
#32880000
0(
#32881250
1+
#32887500
0+
#32890000
1(
#32893750
1+
#32900000
0+
0(
#32906250
1+
#32910000
1(
#32912500
0+
#32918750
1+
#32920000
0(
#32925000
0+
#32930000
1(
#32931250
1+
#32937500
0+
#32940000
0(
#32943750
1+
#32950000
0+
1(
#32956250
1+
#32960000
0(
#32962500
0+
#32968750
1+
#32970000
1(
